ip,timestamp,method,path,ua,referer,authorization,accept_type
10.0.0.191,1754284729.7265775,INVALID,/a/b/c/d/e/f/g/h/i/j,python-requests/2.31.0,localhost,Bearer invalidtoken,application/zzz
192.168.0.18,1754284729.72663,GET,/contact,"Mozilla/5.0 (iPhone; CPU iPhone OS 16_2 like Mac OS X) AppleWebKit/605.1.15 (KHTML, like Gecko) Mobile/15E148 Safari",https://blog.tistory.com/entry/fastapi-intro,Basic YWxhZGRpbjpvcGVuc2VzYW1l,*/*
192.168.0.82,1754284729.7267492,POST,/cart/checkout,"Mozilla/5.0 (Windows NT 10.0; Win64; x64) AppleWebKit/537.36 (KHTML, like Gecko) Chrome/122.0.0.0 Safari/537.36",https://shopping.example.com/deals,Basic YWxhZGRpbjpvcGVuc2VzYW1l,"application/json;q=0.9,*/*;q=0.8"
192.168.0.84,1754284729.7268555,GET,/contact,"Mozilla/5.0 (Linux; Android 11; SM-G991B) AppleWebKit/537.36 (KHTML, like Gecko) Chrome/119.0.6045.134 Mobile Safari/537.36",https://shopping.example.com/deals,Bearer eyJhbGciOiJIUzI1NiIsInR5cCI6IkpXVCJ9.eyJzdWIiOiIxMjM0NTY3ODkwIiwibmFtZSI6IkpvaG4gRG9lIiwiaWF0IjoxNTE2MjM5MDIyfQ.SflKxwRJSMeKKF2QT4fwpMeJf36POk6yJV_adQssw5c,"text/html;q=0.8,application/json;q=0.2"
192.168.0.55,1754284729.7268853,PUT,/signup,"Mozilla/5.0 (Macintosh; Intel Mac OS X 13_5) AppleWebKit/605.1.15 (KHTML, like Gecko) Version/16.0 Safari/605.1.15",__OTHER__,Bearer eyJhbGciOiJIUzI1NiIsInR5cCI6IkpXVCJ9.eyJzdWIiOiIxMjM0NTY3ODkwIiwibmFtZSI6IkpvaG4gRG9lIiwiaWF0IjoxNTE2MjM5MDIyfQ.SflKxwRJSMeKKF2QT4fwpMeJf36POk6yJV_adQssw5c,application/javascript
192.168.0.34,1754284729.7269084,POST,/,"Mozilla/5.0 (Linux; Android 11; SM-G991B) AppleWebKit/537.36 (KHTML, like Gecko) Chrome/119.0.6045.134 Mobile Safari/537.36",https://shopping.example.com/deals,,"application/json, text/plain, */*"
192.168.0.12,1754284729.7269287,PATCH,/admin/users/123,"Mozilla/5.0 (Linux; Android 11; SM-G991B) AppleWebKit/537.36 (KHTML, like Gecko) Chrome/119.0.6045.134 Mobile Safari/537.36",https://www.facebook.com/share.php?u=https://example.com,Basic YWxhZGRpbjpvcGVuc2VzYW1l,application/json
192.168.0.48,1754284729.7269497,PATCH,/review/product/1/page/2,"Mozilla/5.0 (Macintosh; Intel Mac OS X 13_5) AppleWebKit/605.1.15 (KHTML, like Gecko) Version/16.0 Safari/605.1.15",https://news.ycombinator.com/item?id=123456,Basic YWxhZGRpbjpvcGVuc2VzYW1l,application/javascript
192.168.0.69,1754284729.7269692,PUT,/admin/users,Mozilla/5.0 (X11; Ubuntu; Linux x86_64; rv:118.0) Gecko/20100101 Firefox/118.0,https://ad.example.com/?utm_source=naver,Bearer eyJhbGciOiJIUzI1NiIsInR5cCI6IkpXVCJ9.eyJzdWIiOiIxMjM0NTY3ODkwIiwibmFtZSI6IkpvaG4gRG9lIiwiaWF0IjoxNTE2MjM5MDIyfQ.SflKxwRJSMeKKF2QT4fwpMeJf36POk6yJV_adQssw5c,*/*
192.168.0.46,1754284729.7269924,DELETE,/admin/settings,"Mozilla/5.0 (iPhone; CPU iPhone OS 16_2 like Mac OS X) AppleWebKit/605.1.15 (KHTML, like Gecko) Mobile/15E148 Safari",https://www.facebook.com/share.php?u=https://example.com,,"text/html;q=0.8,application/json;q=0.2"
10.0.0.117,1754284729.7270145,MAKE,/a/b/c/d/e/f/g/h/i/j,curl/7.68.0,http://evil.site,Bearer invalidtoken,
192.168.0.24,1754284729.7270327,PUT,/admin/logs/errors,"Mozilla/5.0 (Macintosh; Intel Mac OS X 13_5) AppleWebKit/605.1.15 (KHTML, like Gecko) Version/16.0 Safari/605.1.15",https://ad.example.com/?utm_source=naver,,text/plain
192.168.0.25,1754284729.7271512,GET,/logout,"Mozilla/5.0 (Linux; Android 11; SM-G991B) AppleWebKit/537.36 (KHTML, like Gecko) Chrome/119.0.6045.134 Mobile Safari/537.36",https://partner.site.com/ref?id=xyz,Bearer eyJhbGciOiJIUzI1NiIsInR5cCI6IkpXVCJ9.eyJzdWIiOiIxMjM0NTY3ODkwIiwibmFtZSI6IkpvaG4gRG9lIiwiaWF0IjoxNTE2MjM5MDIyfQ.SflKxwRJSMeKKF2QT4fwpMeJf36POk6yJV_adQssw5c,"application/json;q=0.9,*/*;q=0.8"
192.168.0.25,1754284729.727303,GET,/admin,"Mozilla/5.0 (Macintosh; Intel Mac OS X 13_5) AppleWebKit/605.1.15 (KHTML, like Gecko) Version/16.0 Safari/605.1.15",https://blog.tistory.com/entry/fastapi-intro,Basic YWxhZGRpbjpvcGVuc2VzYW1l,"application/json, text/plain, */*"
192.168.0.71,1754284729.727506,DELETE,/checkout/complete,"Mozilla/5.0 (Windows NT 10.0; Win64; x64) AppleWebKit/537.36 (KHTML, like Gecko) Chrome/118.0.5993.90 Safari/537.36 Edg/118.0.2088.76",https://t.co/shortlink,Basic YWxhZGRpbjpvcGVuc2VzYW1l,application/xhtml+xml
192.168.0.67,1754284729.727536,PATCH,/event/black-friday,"Mozilla/5.0 (iPhone; CPU iPhone OS 16_2 like Mac OS X) AppleWebKit/605.1.15 (KHTML, like Gecko) Mobile/15E148 Safari",https://blog.tistory.com/entry/fastapi-intro,Bearer eyJhbGciOiJIUzI1NiIsInR5cCI6IkpXVCJ9.eyJzdWIiOiIxMjM0NTY3ODkwIiwibmFtZSI6IkpvaG4gRG9lIiwiaWF0IjoxNTE2MjM5MDIyfQ.SflKxwRJSMeKKF2QT4fwpMeJf36POk6yJV_adQssw5c,*/*
192.168.0.45,1754284729.727563,PATCH,/admin/settings,"Mozilla/5.0 (Macintosh; Intel Mac OS X 13_5) AppleWebKit/605.1.15 (KHTML, like Gecko) Version/16.0 Safari/605.1.15",__OTHER__,Basic YWxhZGRpbjpvcGVuc2VzYW1l,application/javascript
192.168.0.43,1754284729.7275834,POST,/home,"Mozilla/5.0 (iPhone; CPU iPhone OS 16_2 like Mac OS X) AppleWebKit/605.1.15 (KHTML, like Gecko) Mobile/15E148 Safari",https://news.ycombinator.com/item?id=123456,Bearer eyJhbGciOiJIUzI1NiIsInR5cCI6IkpXVCJ9.eyJzdWIiOiIxMjM0NTY3ODkwIiwibmFtZSI6IkpvaG4gRG9lIiwiaWF0IjoxNTE2MjM5MDIyfQ.SflKxwRJSMeKKF2QT4fwpMeJf36POk6yJV_adQssw5c,*/*
192.168.0.58,1754284729.7276387,HEAD,/admin,"Mozilla/5.0 (Windows NT 10.0; Win64; x64) AppleWebKit/537.36 (KHTML, like Gecko) Chrome/118.0.5993.90 Safari/537.36 Edg/118.0.2088.76",https://partner.site.com/ref?id=xyz,Basic YWxhZGRpbjpvcGVuc2VzYW1l,application/xml
192.168.0.68,1754284729.7276623,PUT,/about,"Mozilla/5.0 (iPhone; CPU iPhone OS 16_2 like Mac OS X) AppleWebKit/605.1.15 (KHTML, like Gecko) Mobile/15E148 Safari",https://t.co/shortlink,,text/html
10.0.0.168,1754284729.7276835,INVALID,/a/b/c/d/e/f/g/h/i/j,python-requests/2.31.0,localhost,Bearer invalidtoken,text/Google
192.168.0.44,1754284729.727702,POST,/,"Mozilla/5.0 (Windows NT 10.0; Win64; x64) AppleWebKit/537.36 (KHTML, like Gecko) Chrome/122.0.0.0 Safari/537.36",__OTHER__,,application/javascript
192.168.0.2,1754284729.727722,HEAD,/logout,"Mozilla/5.0 (Windows NT 10.0; Win64; x64) AppleWebKit/537.36 (KHTML, like Gecko) Chrome/122.0.0.0 Safari/537.36",https://t.co/shortlink,Basic YWxhZGRpbjpvcGVuc2VzYW1l,"application/json, text/plain, */*"
192.168.0.97,1754284729.7278483,POST,/api/v1/user/42/profile,"Mozilla/5.0 (iPhone; CPU iPhone OS 16_2 like Mac OS X) AppleWebKit/605.1.15 (KHTML, like Gecko) Mobile/15E148 Safari",https://news.ycombinator.com/item?id=123456,Basic YWxhZGRpbjpvcGVuc2VzYW1l,"text/html;q=0.8,application/json;q=0.2"
192.168.0.90,1754284729.7278986,HEAD,/mypage/orders,"Mozilla/5.0 (Macintosh; Intel Mac OS X 13_5) AppleWebKit/605.1.15 (KHTML, like Gecko) Version/16.0 Safari/605.1.15",https://shopping.example.com/deals,Basic YWxhZGRpbjpvcGVuc2VzYW1l,application/xhtml+xml
192.168.0.60,1754284729.7279465,DELETE,/api/v2/notification/mark-read,"Mozilla/5.0 (Windows NT 10.0; Win64; x64) AppleWebKit/537.36 (KHTML, like Gecko) Chrome/122.0.0.0 Safari/537.36",https://shopping.example.com/deals,Basic YWxhZGRpbjpvcGVuc2VzYW1l,application/json
192.168.0.23,1754284729.7279987,PUT,/login,"Mozilla/5.0 (Linux; Android 11; SM-G991B) AppleWebKit/537.36 (KHTML, like Gecko) Chrome/119.0.6045.134 Mobile Safari/537.36",__OTHER__,Basic YWxhZGRpbjpvcGVuc2VzYW1l,application/javascript
192.168.0.65,1754284729.7280238,HEAD,/admin/settings,"Mozilla/5.0 (Linux; Android 11; SM-G991B) AppleWebKit/537.36 (KHTML, like Gecko) Chrome/119.0.6045.134 Mobile Safari/537.36",__OTHER__,Bearer eyJhbGciOiJIUzI1NiIsInR5cCI6IkpXVCJ9.eyJzdWIiOiIxMjM0NTY3ODkwIiwibmFtZSI6IkpvaG4gRG9lIiwiaWF0IjoxNTE2MjM5MDIyfQ.SflKxwRJSMeKKF2QT4fwpMeJf36POk6yJV_adQssw5c,application/javascript
192.168.0.85,1754284729.728052,POST,/admin/users/123,"Mozilla/5.0 (Macintosh; Intel Mac OS X 13_5) AppleWebKit/605.1.15 (KHTML, like Gecko) Version/16.0 Safari/605.1.15",__OTHER__,Bearer eyJhbGciOiJIUzI1NiIsInR5cCI6IkpXVCJ9.eyJzdWIiOiIxMjM0NTY3ODkwIiwibmFtZSI6IkpvaG4gRG9lIiwiaWF0IjoxNTE2MjM5MDIyfQ.SflKxwRJSMeKKF2QT4fwpMeJf36POk6yJV_adQssw5c,application/javascript
192.168.0.97,1754284729.7281919,HEAD,/about,"Mozilla/5.0 (Windows NT 10.0; Win64; x64) AppleWebKit/537.36 (KHTML, like Gecko) Chrome/122.0.0.0 Safari/537.36",__OTHER__,Bearer eyJhbGciOiJIUzI1NiIsInR5cCI6IkpXVCJ9.eyJzdWIiOiIxMjM0NTY3ODkwIiwibmFtZSI6IkpvaG4gRG9lIiwiaWF0IjoxNTE2MjM5MDIyfQ.SflKxwRJSMeKKF2QT4fwpMeJf36POk6yJV_adQssw5c,*/*
10.0.0.178,1754284729.7285519,MAKE,/a/b/c/d/e/f/g/h/i/j,curl/7.68.0,http://malicious.co,Bearer invalidtoken,text/Google
192.168.0.3,1754284729.7285762,PATCH,/api/v1/product/10/review,"Mozilla/5.0 (Windows NT 10.0; Win64; x64) AppleWebKit/537.36 (KHTML, like Gecko) Chrome/118.0.5993.90 Safari/537.36 Edg/118.0.2088.76",https://blog.tistory.com/entry/fastapi-intro,Bearer eyJhbGciOiJIUzI1NiIsInR5cCI6IkpXVCJ9.eyJzdWIiOiIxMjM0NTY3ODkwIiwibmFtZSI6IkpvaG4gRG9lIiwiaWF0IjoxNTE2MjM5MDIyfQ.SflKxwRJSMeKKF2QT4fwpMeJf36POk6yJV_adQssw5c,"application/json, text/plain, */*"
192.168.0.42,1754284729.7286086,DELETE,/checkout/complete,"Mozilla/5.0 (Windows NT 10.0; Win64; x64) AppleWebKit/537.36 (KHTML, like Gecko) Chrome/122.0.0.0 Safari/537.36",https://www.facebook.com/share.php?u=https://example.com,Bearer eyJhbGciOiJIUzI1NiIsInR5cCI6IkpXVCJ9.eyJzdWIiOiIxMjM0NTY3ODkwIiwibmFtZSI6IkpvaG4gRG9lIiwiaWF0IjoxNTE2MjM5MDIyfQ.SflKxwRJSMeKKF2QT4fwpMeJf36POk6yJV_adQssw5c,application/json
192.168.0.14,1754284729.7286363,PATCH,/recommend/products,"Mozilla/5.0 (Windows NT 10.0; Win64; x64) AppleWebKit/537.36 (KHTML, like Gecko) Chrome/118.0.5993.90 Safari/537.36 Edg/118.0.2088.76",https://search.naver.com/search.naver?query=fastapi,,application/xhtml+xml
192.168.0.58,1754284729.728659,PATCH,/api/v1/user/42,"Mozilla/5.0 (Windows NT 10.0; Win64; x64) AppleWebKit/537.36 (KHTML, like Gecko) Chrome/122.0.0.0 Safari/537.36",https://search.naver.com/search.naver?query=fastapi,Bearer eyJhbGciOiJIUzI1NiIsInR5cCI6IkpXVCJ9.eyJzdWIiOiIxMjM0NTY3ODkwIiwibmFtZSI6IkpvaG4gRG9lIiwiaWF0IjoxNTE2MjM5MDIyfQ.SflKxwRJSMeKKF2QT4fwpMeJf36POk6yJV_adQssw5c,application/javascript
192.168.0.50,1754284729.7286859,GET,/mypage/orders/42,"Mozilla/5.0 (Windows NT 10.0; Win64; x64) AppleWebKit/537.36 (KHTML, like Gecko) Chrome/118.0.5993.90 Safari/537.36 Edg/118.0.2088.76",https://news.ycombinator.com/item?id=123456,Bearer eyJhbGciOiJIUzI1NiIsInR5cCI6IkpXVCJ9.eyJzdWIiOiIxMjM0NTY3ODkwIiwibmFtZSI6IkpvaG4gRG9lIiwiaWF0IjoxNTE2MjM5MDIyfQ.SflKxwRJSMeKKF2QT4fwpMeJf36POk6yJV_adQssw5c,"application/json;q=0.9,*/*;q=0.8"
192.168.0.11,1754284729.7289386,PUT,/api/v1/order/88/confirm,Mozilla/5.0 (X11; Ubuntu; Linux x86_64; rv:118.0) Gecko/20100101 Firefox/118.0,https://blog.tistory.com/entry/fastapi-intro,Bearer eyJhbGciOiJIUzI1NiIsInR5cCI6IkpXVCJ9.eyJzdWIiOiIxMjM0NTY3ODkwIiwibmFtZSI6IkpvaG4gRG9lIiwiaWF0IjoxNTE2MjM5MDIyfQ.SflKxwRJSMeKKF2QT4fwpMeJf36POk6yJV_adQssw5c,application/json
192.168.0.37,1754284729.7291167,PUT,/api/v1/cart/items/remove,"Mozilla/5.0 (Macintosh; Intel Mac OS X 13_5) AppleWebKit/605.1.15 (KHTML, like Gecko) Version/16.0 Safari/605.1.15",https://news.ycombinator.com/item?id=123456,,application/xhtml+xml
192.168.0.44,1754284729.7292035,PUT,/user/profile,"Mozilla/5.0 (iPhone; CPU iPhone OS 16_2 like Mac OS X) AppleWebKit/605.1.15 (KHTML, like Gecko) Mobile/15E148 Safari",https://t.co/shortlink,Bearer eyJhbGciOiJIUzI1NiIsInR5cCI6IkpXVCJ9.eyJzdWIiOiIxMjM0NTY3ODkwIiwibmFtZSI6IkpvaG4gRG9lIiwiaWF0IjoxNTE2MjM5MDIyfQ.SflKxwRJSMeKKF2QT4fwpMeJf36POk6yJV_adQssw5c,"application/json, text/plain, */*"
192.168.0.47,1754284729.7292502,POST,/search?q=shoes,Mozilla/5.0 (X11; Ubuntu; Linux x86_64; rv:118.0) Gecko/20100101 Firefox/118.0,https://shopping.example.com/deals,Bearer eyJhbGciOiJIUzI1NiIsInR5cCI6IkpXVCJ9.eyJzdWIiOiIxMjM0NTY3ODkwIiwibmFtZSI6IkpvaG4gRG9lIiwiaWF0IjoxNTE2MjM5MDIyfQ.SflKxwRJSMeKKF2QT4fwpMeJf36POk6yJV_adQssw5c,text/plain
10.0.0.127,1754284729.7293253,MAKE,/a/b/c/d/e/f/g/h/i/j,python-requests/2.31.0,http://evil.site,Bearer invalidtoken,application/zzz
192.168.0.74,1754284729.72939,GET,/admin/users,"Mozilla/5.0 (Windows NT 10.0; Win64; x64) AppleWebKit/537.36 (KHTML, like Gecko) Chrome/118.0.5993.90 Safari/537.36 Edg/118.0.2088.76",https://search.naver.com/search.naver?query=fastapi,Bearer eyJhbGciOiJIUzI1NiIsInR5cCI6IkpXVCJ9.eyJzdWIiOiIxMjM0NTY3ODkwIiwibmFtZSI6IkpvaG4gRG9lIiwiaWF0IjoxNTE2MjM5MDIyfQ.SflKxwRJSMeKKF2QT4fwpMeJf36POk6yJV_adQssw5c,text/plain
192.168.0.26,1754284729.729492,GET,/recommend/user/42,"Mozilla/5.0 (Windows NT 10.0; Win64; x64) AppleWebKit/537.36 (KHTML, like Gecko) Chrome/118.0.5993.90 Safari/537.36 Edg/118.0.2088.76",https://news.ycombinator.com/item?id=123456,Basic YWxhZGRpbjpvcGVuc2VzYW1l,"application/json, text/plain, */*"
192.168.0.98,1754284729.729537,DELETE,/event/black-friday,"Mozilla/5.0 (Windows NT 10.0; Win64; x64) AppleWebKit/537.36 (KHTML, like Gecko) Chrome/122.0.0.0 Safari/537.36",https://t.co/shortlink,Basic YWxhZGRpbjpvcGVuc2VzYW1l,text/plain
192.168.0.3,1754284729.72964,HEAD,/api/v1/user/42,"Mozilla/5.0 (Windows NT 10.0; Win64; x64) AppleWebKit/537.36 (KHTML, like Gecko) Chrome/118.0.5993.90 Safari/537.36 Edg/118.0.2088.76",https://blog.tistory.com/entry/fastapi-intro,,text/plain
192.168.0.8,1754284729.7296731,POST,/recommend/products,"Mozilla/5.0 (iPhone; CPU iPhone OS 16_2 like Mac OS X) AppleWebKit/605.1.15 (KHTML, like Gecko) Mobile/15E148 Safari",https://www.facebook.com/share.php?u=https://example.com,Basic YWxhZGRpbjpvcGVuc2VzYW1l,"text/html,application/xhtml+xml,application/xml;q=0.9,*/*;q=0.8"
192.168.0.75,1754284729.7296994,PUT,/admin/users/123,"Mozilla/5.0 (Windows NT 10.0; Win64; x64) AppleWebKit/537.36 (KHTML, like Gecko) Chrome/122.0.0.0 Safari/537.36",https://news.ycombinator.com/item?id=123456,Basic YWxhZGRpbjpvcGVuc2VzYW1l,text/plain
192.168.0.94,1754284729.7297268,GET,/help,"Mozilla/5.0 (Windows NT 10.0; Win64; x64) AppleWebKit/537.36 (KHTML, like Gecko) Chrome/118.0.5993.90 Safari/537.36 Edg/118.0.2088.76",https://www.google.com/search?q=fastapi,,application/xml
192.168.0.82,1754284729.72975,PATCH,/logout,"Mozilla/5.0 (iPhone; CPU iPhone OS 16_2 like Mac OS X) AppleWebKit/605.1.15 (KHTML, like Gecko) Mobile/15E148 Safari",__OTHER__,Basic YWxhZGRpbjpvcGVuc2VzYW1l,text/html
192.168.0.44,1754284729.7297742,GET,/mypage/settings,"Mozilla/5.0 (Linux; Android 11; SM-G991B) AppleWebKit/537.36 (KHTML, like Gecko) Chrome/119.0.6045.134 Mobile Safari/537.36",https://shopping.example.com/deals,Bearer eyJhbGciOiJIUzI1NiIsInR5cCI6IkpXVCJ9.eyJzdWIiOiIxMjM0NTY3ODkwIiwibmFtZSI6IkpvaG4gRG9lIiwiaWF0IjoxNTE2MjM5MDIyfQ.SflKxwRJSMeKKF2QT4fwpMeJf36POk6yJV_adQssw5c,"application/json;q=0.9,*/*;q=0.8"
10.0.0.190,1754284729.7298138,TRACE,/a/b/c/d/e/f/g/h/i/j,curl/7.68.0,http://malicious.co,Bearer invalidtoken,application/zzz
192.168.0.37,1754284729.7298355,PATCH,/api/ping,"Mozilla/5.0 (Windows NT 10.0; Win64; x64) AppleWebKit/537.36 (KHTML, like Gecko) Chrome/122.0.0.0 Safari/537.36",__OTHER__,,application/json
192.168.0.54,1754284729.729859,GET,/api/v1/user/42/orders,"Mozilla/5.0 (Windows NT 10.0; Win64; x64) AppleWebKit/537.36 (KHTML, like Gecko) Chrome/122.0.0.0 Safari/537.36",https://shopping.example.com/deals,,"text/html;q=0.8,application/json;q=0.2"
192.168.0.38,1754284729.7298803,POST,/cart,Mozilla/5.0 (X11; Ubuntu; Linux x86_64; rv:118.0) Gecko/20100101 Firefox/118.0,https://t.co/shortlink,Basic YWxhZGRpbjpvcGVuc2VzYW1l,application/json
192.168.0.71,1754284729.7298985,PUT,/product/1,Mozilla/5.0 (X11; Ubuntu; Linux x86_64; rv:118.0) Gecko/20100101 Firefox/118.0,https://example.com/product/1,Bearer eyJhbGciOiJIUzI1NiIsInR5cCI6IkpXVCJ9.eyJzdWIiOiIxMjM0NTY3ODkwIiwibmFtZSI6IkpvaG4gRG9lIiwiaWF0IjoxNTE2MjM5MDIyfQ.SflKxwRJSMeKKF2QT4fwpMeJf36POk6yJV_adQssw5c,*/*
192.168.0.94,1754284729.7299223,DELETE,/cart/checkout,"Mozilla/5.0 (Windows NT 10.0; Win64; x64) AppleWebKit/537.36 (KHTML, like Gecko) Chrome/118.0.5993.90 Safari/537.36 Edg/118.0.2088.76",https://blog.tistory.com/entry/fastapi-intro,,application/xhtml+xml
192.168.0.5,1754284729.7299454,GET,/recommend/user/42,"Mozilla/5.0 (iPhone; CPU iPhone OS 16_2 like Mac OS X) AppleWebKit/605.1.15 (KHTML, like Gecko) Mobile/15E148 Safari",__OTHER__,,*/*
192.168.0.99,1754284729.729992,DELETE,/api/v1/product/10/review,"Mozilla/5.0 (iPhone; CPU iPhone OS 16_2 like Mac OS X) AppleWebKit/605.1.15 (KHTML, like Gecko) Mobile/15E148 Safari",https://www.facebook.com/share.php?u=https://example.com,,"application/json, text/plain, */*"
192.168.0.86,1754284729.7300162,PUT,/event/summer-sale,"Mozilla/5.0 (Linux; Android 11; SM-G991B) AppleWebKit/537.36 (KHTML, like Gecko) Chrome/119.0.6045.134 Mobile Safari/537.36",https://t.co/shortlink,,text/html
192.168.0.77,1754284729.7302732,PUT,/contact,"Mozilla/5.0 (iPhone; CPU iPhone OS 16_2 like Mac OS X) AppleWebKit/605.1.15 (KHTML, like Gecko) Mobile/15E148 Safari",https://shopping.example.com/deals,,"text/html;q=0.8,application/json;q=0.2"
10.0.0.134,1754284729.7303581,MAKE,/a/b/c/d/e/f/g/h/i/j,python-requests/2.31.0,http://evil.site,Bearer invalidtoken,
192.168.0.70,1754284729.7303777,GET,/search?q=fastapi&page=2,"Mozilla/5.0 (Linux; Android 11; SM-G991B) AppleWebKit/537.36 (KHTML, like Gecko) Chrome/119.0.6045.134 Mobile Safari/537.36",__OTHER__,,"application/json;q=0.9,*/*;q=0.8"
192.168.0.47,1754284729.7304003,POST,/help,"Mozilla/5.0 (Windows NT 10.0; Win64; x64) AppleWebKit/537.36 (KHTML, like Gecko) Chrome/122.0.0.0 Safari/537.36",https://t.co/shortlink,,application/json
192.168.0.4,1754284729.7304213,POST,/cart,"Mozilla/5.0 (Windows NT 10.0; Win64; x64) AppleWebKit/537.36 (KHTML, like Gecko) Chrome/122.0.0.0 Safari/537.36",https://blog.tistory.com/entry/fastapi-intro,,text/html
192.168.0.100,1754284729.730443,PATCH,/mypage/wishlist,"Mozilla/5.0 (Windows NT 10.0; Win64; x64) AppleWebKit/537.36 (KHTML, like Gecko) Chrome/118.0.5993.90 Safari/537.36 Edg/118.0.2088.76",https://www.facebook.com/share.php?u=https://example.com,Bearer eyJhbGciOiJIUzI1NiIsInR5cCI6IkpXVCJ9.eyJzdWIiOiIxMjM0NTY3ODkwIiwibmFtZSI6IkpvaG4gRG9lIiwiaWF0IjoxNTE2MjM5MDIyfQ.SflKxwRJSMeKKF2QT4fwpMeJf36POk6yJV_adQssw5c,text/html
192.168.0.6,1754284729.730464,GET,/event/summer-sale,"Mozilla/5.0 (Macintosh; Intel Mac OS X 13_5) AppleWebKit/605.1.15 (KHTML, like Gecko) Version/16.0 Safari/605.1.15",https://example.com/product/1,,text/html
192.168.0.31,1754284729.7304752,PUT,/checkout/complete,Mozilla/5.0 (X11; Ubuntu; Linux x86_64; rv:118.0) Gecko/20100101 Firefox/118.0,https://news.ycombinator.com/item?id=123456,Bearer eyJhbGciOiJIUzI1NiIsInR5cCI6IkpXVCJ9.eyJzdWIiOiIxMjM0NTY3ODkwIiwibmFtZSI6IkpvaG4gRG9lIiwiaWF0IjoxNTE2MjM5MDIyfQ.SflKxwRJSMeKKF2QT4fwpMeJf36POk6yJV_adQssw5c,*/*
192.168.0.99,1754284729.7304907,PUT,/event/summer-sale,"Mozilla/5.0 (Macintosh; Intel Mac OS X 13_5) AppleWebKit/605.1.15 (KHTML, like Gecko) Version/16.0 Safari/605.1.15",https://partner.site.com/ref?id=xyz,,"application/json, text/plain, */*"
192.168.0.37,1754284729.7305038,GET,/api/v1/user/42,"Mozilla/5.0 (Windows NT 10.0; Win64; x64) AppleWebKit/537.36 (KHTML, like Gecko) Chrome/118.0.5993.90 Safari/537.36 Edg/118.0.2088.76",https://www.google.com/search?q=fastapi,,text/html
192.168.0.39,1754284729.7305152,HEAD,/api/v1/order/88/confirm,Mozilla/5.0 (X11; Ubuntu; Linux x86_64; rv:118.0) Gecko/20100101 Firefox/118.0,https://www.facebook.com/share.php?u=https://example.com,Bearer eyJhbGciOiJIUzI1NiIsInR5cCI6IkpXVCJ9.eyJzdWIiOiIxMjM0NTY3ODkwIiwibmFtZSI6IkpvaG4gRG9lIiwiaWF0IjoxNTE2MjM5MDIyfQ.SflKxwRJSMeKKF2QT4fwpMeJf36POk6yJV_adQssw5c,application/xhtml+xml
10.0.0.109,1754284729.730531,INVALID,/a/b/c/d/e/f/g/h/i/j,curl/7.68.0,http://evil.site,Bearer invalidtoken,text/Google
192.168.0.60,1754284729.730541,DELETE,/category/fashion,"Mozilla/5.0 (Macintosh; Intel Mac OS X 13_5) AppleWebKit/605.1.15 (KHTML, like Gecko) Version/16.0 Safari/605.1.15",https://t.co/shortlink,,text/plain
192.168.0.75,1754284729.7305517,PATCH,/admin/users/123,"Mozilla/5.0 (Linux; Android 11; SM-G991B) AppleWebKit/537.36 (KHTML, like Gecko) Chrome/119.0.6045.134 Mobile Safari/537.36",https://www.google.com/search?q=fastapi,Basic YWxhZGRpbjpvcGVuc2VzYW1l,"text/html,application/xhtml+xml,application/xml;q=0.9,*/*;q=0.8"
192.168.0.99,1754284729.730567,PUT,/api/v1/cart/items/remove,"Mozilla/5.0 (iPhone; CPU iPhone OS 16_2 like Mac OS X) AppleWebKit/605.1.15 (KHTML, like Gecko) Mobile/15E148 Safari",https://www.google.com/search?q=fastapi,Basic YWxhZGRpbjpvcGVuc2VzYW1l,application/xhtml+xml
192.168.0.88,1754284729.7305803,GET,/privacy,"Mozilla/5.0 (Windows NT 10.0; Win64; x64) AppleWebKit/537.36 (KHTML, like Gecko) Chrome/118.0.5993.90 Safari/537.36 Edg/118.0.2088.76",https://t.co/shortlink,Bearer eyJhbGciOiJIUzI1NiIsInR5cCI6IkpXVCJ9.eyJzdWIiOiIxMjM0NTY3ODkwIiwibmFtZSI6IkpvaG4gRG9lIiwiaWF0IjoxNTE2MjM5MDIyfQ.SflKxwRJSMeKKF2QT4fwpMeJf36POk6yJV_adQssw5c,"text/html;q=0.8,application/json;q=0.2"
192.168.0.7,1754284729.730606,POST,/category/fashion,"Mozilla/5.0 (Windows NT 10.0; Win64; x64) AppleWebKit/537.36 (KHTML, like Gecko) Chrome/118.0.5993.90 Safari/537.36 Edg/118.0.2088.76",https://search.naver.com/search.naver?query=fastapi,Bearer eyJhbGciOiJIUzI1NiIsInR5cCI6IkpXVCJ9.eyJzdWIiOiIxMjM0NTY3ODkwIiwibmFtZSI6IkpvaG4gRG9lIiwiaWF0IjoxNTE2MjM5MDIyfQ.SflKxwRJSMeKKF2QT4fwpMeJf36POk6yJV_adQssw5c,text/plain
192.168.0.67,1754284729.7306225,GET,/,"Mozilla/5.0 (Macintosh; Intel Mac OS X 13_5) AppleWebKit/605.1.15 (KHTML, like Gecko) Version/16.0 Safari/605.1.15",https://www.google.com/search?q=fastapi,,*/*
192.168.0.14,1754284729.7306337,HEAD,/event/summer-sale,Mozilla/5.0 (X11; Ubuntu; Linux x86_64; rv:118.0) Gecko/20100101 Firefox/118.0,https://blog.tistory.com/entry/fastapi-intro,Bearer eyJhbGciOiJIUzI1NiIsInR5cCI6IkpXVCJ9.eyJzdWIiOiIxMjM0NTY3ODkwIiwibmFtZSI6IkpvaG4gRG9lIiwiaWF0IjoxNTE2MjM5MDIyfQ.SflKxwRJSMeKKF2QT4fwpMeJf36POk6yJV_adQssw5c,application/json
192.168.0.34,1754284729.7306483,POST,/api/ping,"Mozilla/5.0 (Linux; Android 11; SM-G991B) AppleWebKit/537.36 (KHTML, like Gecko) Chrome/119.0.6045.134 Mobile Safari/537.36",https://blog.tistory.com/entry/fastapi-intro,Bearer eyJhbGciOiJIUzI1NiIsInR5cCI6IkpXVCJ9.eyJzdWIiOiIxMjM0NTY3ODkwIiwibmFtZSI6IkpvaG4gRG9lIiwiaWF0IjoxNTE2MjM5MDIyfQ.SflKxwRJSMeKKF2QT4fwpMeJf36POk6yJV_adQssw5c,"text/html;q=0.8,application/json;q=0.2"
192.168.0.16,1754284729.7306638,GET,/recommend/products,"Mozilla/5.0 (Linux; Android 11; SM-G991B) AppleWebKit/537.36 (KHTML, like Gecko) Chrome/119.0.6045.134 Mobile Safari/537.36",https://search.naver.com/search.naver?query=fastapi,Bearer eyJhbGciOiJIUzI1NiIsInR5cCI6IkpXVCJ9.eyJzdWIiOiIxMjM0NTY3ODkwIiwibmFtZSI6IkpvaG4gRG9lIiwiaWF0IjoxNTE2MjM5MDIyfQ.SflKxwRJSMeKKF2QT4fwpMeJf36POk6yJV_adQssw5c,application/xhtml+xml
10.0.0.176,1754284729.7306788,MAKE,/a/b/c/d/e/f/g/h/i/j,curl/7.68.0,,Bearer invalidtoken,
192.168.0.82,1754284729.7306879,HEAD,/cart,Mozilla/5.0 (X11; Ubuntu; Linux x86_64; rv:118.0) Gecko/20100101 Firefox/118.0,__OTHER__,Basic YWxhZGRpbjpvcGVuc2VzYW1l,text/plain
192.168.0.18,1754284729.7306988,DELETE,/api/ping,Mozilla/5.0 (X11; Ubuntu; Linux x86_64; rv:118.0) Gecko/20100101 Firefox/118.0,https://search.naver.com/search.naver?query=fastapi,,"text/html;q=0.8,application/json;q=0.2"
192.168.0.81,1754284729.7307105,GET,/checkout/complete,"Mozilla/5.0 (iPhone; CPU iPhone OS 16_2 like Mac OS X) AppleWebKit/605.1.15 (KHTML, like Gecko) Mobile/15E148 Safari",__OTHER__,,"application/json;q=0.9,*/*;q=0.8"
192.168.0.98,1754284729.730722,DELETE,/api/v1/cart/items/remove,"Mozilla/5.0 (Windows NT 10.0; Win64; x64) AppleWebKit/537.36 (KHTML, like Gecko) Chrome/118.0.5993.90 Safari/537.36 Edg/118.0.2088.76",https://example.com/product/1,Basic YWxhZGRpbjpvcGVuc2VzYW1l,"application/json;q=0.9,*/*;q=0.8"
192.168.0.26,1754284729.7307382,GET,/admin/settings,"Mozilla/5.0 (Linux; Android 11; SM-G991B) AppleWebKit/537.36 (KHTML, like Gecko) Chrome/119.0.6045.134 Mobile Safari/537.36",https://news.ycombinator.com/item?id=123456,Basic YWxhZGRpbjpvcGVuc2VzYW1l,application/json
192.168.0.86,1754284729.730751,DELETE,/terms,"Mozilla/5.0 (Linux; Android 11; SM-G991B) AppleWebKit/537.36 (KHTML, like Gecko) Chrome/119.0.6045.134 Mobile Safari/537.36",https://blog.tistory.com/entry/fastapi-intro,Basic YWxhZGRpbjpvcGVuc2VzYW1l,"text/html,application/xhtml+xml,application/xml;q=0.9,*/*;q=0.8"
192.168.0.34,1754284729.7307656,POST,/search?q=fastapi&page=2,"Mozilla/5.0 (Windows NT 10.0; Win64; x64) AppleWebKit/537.36 (KHTML, like Gecko) Chrome/118.0.5993.90 Safari/537.36 Edg/118.0.2088.76",https://example.com/product/1,,text/html
192.168.0.84,1754284729.730777,DELETE,/signup,"Mozilla/5.0 (Windows NT 10.0; Win64; x64) AppleWebKit/537.36 (KHTML, like Gecko) Chrome/122.0.0.0 Safari/537.36",https://search.naver.com/search.naver?query=fastapi,Basic YWxhZGRpbjpvcGVuc2VzYW1l,application/javascript
192.168.0.41,1754284729.73079,HEAD,/api/ping,"Mozilla/5.0 (Linux; Android 11; SM-G991B) AppleWebKit/537.36 (KHTML, like Gecko) Chrome/119.0.6045.134 Mobile Safari/537.36",https://partner.site.com/ref?id=xyz,,"text/html,application/xhtml+xml,application/xml;q=0.9,*/*;q=0.8"
10.0.0.172,1754284729.7309186,INVALID,/a/b/c/d/e/f/g/h/i/j,python-requests/2.31.0,localhost,Bearer invalidtoken,
192.168.0.98,1754284729.7309296,PUT,/privacy,Mozilla/5.0 (X11; Ubuntu; Linux x86_64; rv:118.0) Gecko/20100101 Firefox/118.0,https://ad.example.com/?utm_source=naver,Bearer eyJhbGciOiJIUzI1NiIsInR5cCI6IkpXVCJ9.eyJzdWIiOiIxMjM0NTY3ODkwIiwibmFtZSI6IkpvaG4gRG9lIiwiaWF0IjoxNTE2MjM5MDIyfQ.SflKxwRJSMeKKF2QT4fwpMeJf36POk6yJV_adQssw5c,application/javascript
192.168.0.90,1754284729.730945,GET,/review/product/1/page/2,"Mozilla/5.0 (Windows NT 10.0; Win64; x64) AppleWebKit/537.36 (KHTML, like Gecko) Chrome/122.0.0.0 Safari/537.36",https://t.co/shortlink,Basic YWxhZGRpbjpvcGVuc2VzYW1l,application/xhtml+xml
192.168.0.59,1754284729.730958,HEAD,/cart/checkout,"Mozilla/5.0 (iPhone; CPU iPhone OS 16_2 like Mac OS X) AppleWebKit/605.1.15 (KHTML, like Gecko) Mobile/15E148 Safari",https://www.facebook.com/share.php?u=https://example.com,,application/xml
192.168.0.87,1754284729.7309701,PUT,/login,"Mozilla/5.0 (Windows NT 10.0; Win64; x64) AppleWebKit/537.36 (KHTML, like Gecko) Chrome/122.0.0.0 Safari/537.36",https://blog.tistory.com/entry/fastapi-intro,Bearer eyJhbGciOiJIUzI1NiIsInR5cCI6IkpXVCJ9.eyJzdWIiOiIxMjM0NTY3ODkwIiwibmFtZSI6IkpvaG4gRG9lIiwiaWF0IjoxNTE2MjM5MDIyfQ.SflKxwRJSMeKKF2QT4fwpMeJf36POk6yJV_adQssw5c,"text/html;q=0.8,application/json;q=0.2"
192.168.0.45,1754284729.7309854,DELETE,/product/123,"Mozilla/5.0 (Linux; Android 11; SM-G991B) AppleWebKit/537.36 (KHTML, like Gecko) Chrome/119.0.6045.134 Mobile Safari/537.36",https://www.google.com/search?q=fastapi,Basic YWxhZGRpbjpvcGVuc2VzYW1l,application/xhtml+xml
192.168.0.40,1754284729.730998,POST,/cart/checkout,Mozilla/5.0 (X11; Ubuntu; Linux x86_64; rv:118.0) Gecko/20100101 Firefox/118.0,https://news.ycombinator.com/item?id=123456,Bearer eyJhbGciOiJIUzI1NiIsInR5cCI6IkpXVCJ9.eyJzdWIiOiIxMjM0NTY3ODkwIiwibmFtZSI6IkpvaG4gRG9lIiwiaWF0IjoxNTE2MjM5MDIyfQ.SflKxwRJSMeKKF2QT4fwpMeJf36POk6yJV_adQssw5c,*/*
192.168.0.37,1754284729.731012,PATCH,/recommend/products,"Mozilla/5.0 (Windows NT 10.0; Win64; x64) AppleWebKit/537.36 (KHTML, like Gecko) Chrome/122.0.0.0 Safari/537.36",https://www.facebook.com/share.php?u=https://example.com,Basic YWxhZGRpbjpvcGVuc2VzYW1l,application/xhtml+xml
192.168.0.90,1754284729.7310255,POST,/api/v1/order/88/confirm,Mozilla/5.0 (X11; Ubuntu; Linux x86_64; rv:118.0) Gecko/20100101 Firefox/118.0,__OTHER__,Bearer eyJhbGciOiJIUzI1NiIsInR5cCI6IkpXVCJ9.eyJzdWIiOiIxMjM0NTY3ODkwIiwibmFtZSI6IkpvaG4gRG9lIiwiaWF0IjoxNTE2MjM5MDIyfQ.SflKxwRJSMeKKF2QT4fwpMeJf36POk6yJV_adQssw5c,"text/html;q=0.8,application/json;q=0.2"
192.168.0.2,1754284729.731041,DELETE,/category/fashion,"Mozilla/5.0 (Windows NT 10.0; Win64; x64) AppleWebKit/537.36 (KHTML, like Gecko) Chrome/118.0.5993.90 Safari/537.36 Edg/118.0.2088.76",https://example.com/product/1,Bearer eyJhbGciOiJIUzI1NiIsInR5cCI6IkpXVCJ9.eyJzdWIiOiIxMjM0NTY3ODkwIiwibmFtZSI6IkpvaG4gRG9lIiwiaWF0IjoxNTE2MjM5MDIyfQ.SflKxwRJSMeKKF2QT4fwpMeJf36POk6yJV_adQssw5c,"text/html;q=0.8,application/json;q=0.2"
10.0.0.170,1754284729.731057,INVALID,/a/b/c/d/e/f/g/h/i/j,python-requests/2.31.0,localhost,Bearer invalidtoken,
192.168.0.39,1754284729.7310665,HEAD,/login,"Mozilla/5.0 (iPhone; CPU iPhone OS 16_2 like Mac OS X) AppleWebKit/605.1.15 (KHTML, like Gecko) Mobile/15E148 Safari",https://blog.tistory.com/entry/fastapi-intro,Bearer eyJhbGciOiJIUzI1NiIsInR5cCI6IkpXVCJ9.eyJzdWIiOiIxMjM0NTY3ODkwIiwibmFtZSI6IkpvaG4gRG9lIiwiaWF0IjoxNTE2MjM5MDIyfQ.SflKxwRJSMeKKF2QT4fwpMeJf36POk6yJV_adQssw5c,"application/json, text/plain, */*"
192.168.0.58,1754284729.7310817,POST,/mypage/orders/42,"Mozilla/5.0 (Macintosh; Intel Mac OS X 13_5) AppleWebKit/605.1.15 (KHTML, like Gecko) Version/16.0 Safari/605.1.15",https://ad.example.com/?utm_source=naver,Bearer eyJhbGciOiJIUzI1NiIsInR5cCI6IkpXVCJ9.eyJzdWIiOiIxMjM0NTY3ODkwIiwibmFtZSI6IkpvaG4gRG9lIiwiaWF0IjoxNTE2MjM5MDIyfQ.SflKxwRJSMeKKF2QT4fwpMeJf36POk6yJV_adQssw5c,text/plain
192.168.0.86,1754284729.7310967,PATCH,/help,"Mozilla/5.0 (Macintosh; Intel Mac OS X 13_5) AppleWebKit/605.1.15 (KHTML, like Gecko) Version/16.0 Safari/605.1.15",__OTHER__,Basic YWxhZGRpbjpvcGVuc2VzYW1l,application/xhtml+xml
192.168.0.43,1754284729.7311084,PUT,/category/fashion,"Mozilla/5.0 (Macintosh; Intel Mac OS X 13_5) AppleWebKit/605.1.15 (KHTML, like Gecko) Version/16.0 Safari/605.1.15",https://ad.example.com/?utm_source=naver,,"text/html;q=0.8,application/json;q=0.2"
192.168.0.61,1754284729.7311213,GET,/terms,Mozilla/5.0 (X11; Ubuntu; Linux x86_64; rv:118.0) Gecko/20100101 Firefox/118.0,https://shopping.example.com/deals,Bearer eyJhbGciOiJIUzI1NiIsInR5cCI6IkpXVCJ9.eyJzdWIiOiIxMjM0NTY3ODkwIiwibmFtZSI6IkpvaG4gRG9lIiwiaWF0IjoxNTE2MjM5MDIyfQ.SflKxwRJSMeKKF2QT4fwpMeJf36POk6yJV_adQssw5c,application/xml
192.168.0.52,1754284729.7311351,POST,/help,Mozilla/5.0 (X11; Ubuntu; Linux x86_64; rv:118.0) Gecko/20100101 Firefox/118.0,https://partner.site.com/ref?id=xyz,,application/javascript
192.168.0.82,1754284729.7311456,PATCH,/about,"Mozilla/5.0 (iPhone; CPU iPhone OS 16_2 like Mac OS X) AppleWebKit/605.1.15 (KHTML, like Gecko) Mobile/15E148 Safari",https://ad.example.com/?utm_source=naver,Basic YWxhZGRpbjpvcGVuc2VzYW1l,text/plain
192.168.0.24,1754284729.7311585,DELETE,/product/123,"Mozilla/5.0 (iPhone; CPU iPhone OS 16_2 like Mac OS X) AppleWebKit/605.1.15 (KHTML, like Gecko) Mobile/15E148 Safari",https://example.com/product/1,Bearer eyJhbGciOiJIUzI1NiIsInR5cCI6IkpXVCJ9.eyJzdWIiOiIxMjM0NTY3ODkwIiwibmFtZSI6IkpvaG4gRG9lIiwiaWF0IjoxNTE2MjM5MDIyfQ.SflKxwRJSMeKKF2QT4fwpMeJf36POk6yJV_adQssw5c,text/html
192.168.0.67,1754284729.731173,DELETE,/privacy,"Mozilla/5.0 (Windows NT 10.0; Win64; x64) AppleWebKit/537.36 (KHTML, like Gecko) Chrome/122.0.0.0 Safari/537.36",https://example.com/product/1,,application/xhtml+xml
10.0.0.137,1754284729.7311835,TRACE,/a/b/c/d/e/f/g/h/i/j,python-requests/2.31.0,localhost,Bearer invalidtoken,
192.168.0.86,1754284729.731193,PATCH,/api/v1/cart/items/remove,Mozilla/5.0 (X11; Ubuntu; Linux x86_64; rv:118.0) Gecko/20100101 Firefox/118.0,https://shopping.example.com/deals,Bearer eyJhbGciOiJIUzI1NiIsInR5cCI6IkpXVCJ9.eyJzdWIiOiIxMjM0NTY3ODkwIiwibmFtZSI6IkpvaG4gRG9lIiwiaWF0IjoxNTE2MjM5MDIyfQ.SflKxwRJSMeKKF2QT4fwpMeJf36POk6yJV_adQssw5c,"application/json;q=0.9,*/*;q=0.8"
192.168.0.10,1754284729.7312076,GET,/mypage/orders/42,"Mozilla/5.0 (Windows NT 10.0; Win64; x64) AppleWebKit/537.36 (KHTML, like Gecko) Chrome/118.0.5993.90 Safari/537.36 Edg/118.0.2088.76",https://www.facebook.com/share.php?u=https://example.com,Bearer eyJhbGciOiJIUzI1NiIsInR5cCI6IkpXVCJ9.eyJzdWIiOiIxMjM0NTY3ODkwIiwibmFtZSI6IkpvaG4gRG9lIiwiaWF0IjoxNTE2MjM5MDIyfQ.SflKxwRJSMeKKF2QT4fwpMeJf36POk6yJV_adQssw5c,application/javascript
192.168.0.59,1754284729.7312238,DELETE,/admin,"Mozilla/5.0 (iPhone; CPU iPhone OS 16_2 like Mac OS X) AppleWebKit/605.1.15 (KHTML, like Gecko) Mobile/15E148 Safari",https://t.co/shortlink,,"text/html;q=0.8,application/json;q=0.2"
192.168.0.88,1754284729.7312353,GET,/recommend/products,"Mozilla/5.0 (iPhone; CPU iPhone OS 16_2 like Mac OS X) AppleWebKit/605.1.15 (KHTML, like Gecko) Mobile/15E148 Safari",https://partner.site.com/ref?id=xyz,Basic YWxhZGRpbjpvcGVuc2VzYW1l,"application/json, text/plain, */*"
192.168.0.45,1754284729.731248,POST,/admin/users,"Mozilla/5.0 (Linux; Android 11; SM-G991B) AppleWebKit/537.36 (KHTML, like Gecko) Chrome/119.0.6045.134 Mobile Safari/537.36",https://search.naver.com/search.naver?query=fastapi,Bearer eyJhbGciOiJIUzI1NiIsInR5cCI6IkpXVCJ9.eyJzdWIiOiIxMjM0NTY3ODkwIiwibmFtZSI6IkpvaG4gRG9lIiwiaWF0IjoxNTE2MjM5MDIyfQ.SflKxwRJSMeKKF2QT4fwpMeJf36POk6yJV_adQssw5c,"application/json;q=0.9,*/*;q=0.8"
192.168.0.57,1754284729.731264,PUT,/product/123,Mozilla/5.0 (X11; Ubuntu; Linux x86_64; rv:118.0) Gecko/20100101 Firefox/118.0,https://t.co/shortlink,Bearer eyJhbGciOiJIUzI1NiIsInR5cCI6IkpXVCJ9.eyJzdWIiOiIxMjM0NTY3ODkwIiwibmFtZSI6IkpvaG4gRG9lIiwiaWF0IjoxNTE2MjM5MDIyfQ.SflKxwRJSMeKKF2QT4fwpMeJf36POk6yJV_adQssw5c,"text/html;q=0.8,application/json;q=0.2"
192.168.0.87,1754284729.7312784,GET,/api/v1/user/42/profile,"Mozilla/5.0 (iPhone; CPU iPhone OS 16_2 like Mac OS X) AppleWebKit/605.1.15 (KHTML, like Gecko) Mobile/15E148 Safari",https://example.com/product/1,Basic YWxhZGRpbjpvcGVuc2VzYW1l,"text/html,application/xhtml+xml,application/xml;q=0.9,*/*;q=0.8"
192.168.0.72,1754284729.731365,PUT,/cart/checkout,"Mozilla/5.0 (Windows NT 10.0; Win64; x64) AppleWebKit/537.36 (KHTML, like Gecko) Chrome/122.0.0.0 Safari/537.36",https://example.com/product/1,Basic YWxhZGRpbjpvcGVuc2VzYW1l,text/plain
192.168.0.57,1754284729.731377,POST,/terms,"Mozilla/5.0 (Macintosh; Intel Mac OS X 13_5) AppleWebKit/605.1.15 (KHTML, like Gecko) Version/16.0 Safari/605.1.15",https://www.facebook.com/share.php?u=https://example.com,Basic YWxhZGRpbjpvcGVuc2VzYW1l,text/plain
10.0.0.109,1754284729.7313905,INVALID,/a/b/c/d/e/f/g/h/i/j,python-requests/2.31.0,http://evil.site,Bearer invalidtoken,text/Google
192.168.0.47,1754284729.7314,DELETE,/review/product/15,"Mozilla/5.0 (Windows NT 10.0; Win64; x64) AppleWebKit/537.36 (KHTML, like Gecko) Chrome/122.0.0.0 Safari/537.36",https://ad.example.com/?utm_source=naver,Basic YWxhZGRpbjpvcGVuc2VzYW1l,text/html
192.168.0.100,1754284729.731413,PUT,/search?q=fastapi&page=2,"Mozilla/5.0 (Linux; Android 11; SM-G991B) AppleWebKit/537.36 (KHTML, like Gecko) Chrome/119.0.6045.134 Mobile Safari/537.36",__OTHER__,Bearer eyJhbGciOiJIUzI1NiIsInR5cCI6IkpXVCJ9.eyJzdWIiOiIxMjM0NTY3ODkwIiwibmFtZSI6IkpvaG4gRG9lIiwiaWF0IjoxNTE2MjM5MDIyfQ.SflKxwRJSMeKKF2QT4fwpMeJf36POk6yJV_adQssw5c,text/plain
192.168.0.7,1754284729.7314281,GET,/event/black-friday,"Mozilla/5.0 (Macintosh; Intel Mac OS X 13_5) AppleWebKit/605.1.15 (KHTML, like Gecko) Version/16.0 Safari/605.1.15",https://www.google.com/search?q=fastapi,Basic YWxhZGRpbjpvcGVuc2VzYW1l,application/json
192.168.0.59,1754284729.7314408,PATCH,/admin,"Mozilla/5.0 (iPhone; CPU iPhone OS 16_2 like Mac OS X) AppleWebKit/605.1.15 (KHTML, like Gecko) Mobile/15E148 Safari",https://news.ycombinator.com/item?id=123456,Basic YWxhZGRpbjpvcGVuc2VzYW1l,"text/html,application/xhtml+xml,application/xml;q=0.9,*/*;q=0.8"
192.168.0.72,1754284729.7314546,DELETE,/recommend/user/42,"Mozilla/5.0 (iPhone; CPU iPhone OS 16_2 like Mac OS X) AppleWebKit/605.1.15 (KHTML, like Gecko) Mobile/15E148 Safari",__OTHER__,,text/html
192.168.0.42,1754284729.7314656,PUT,/api/v1/cart/items,Mozilla/5.0 (X11; Ubuntu; Linux x86_64; rv:118.0) Gecko/20100101 Firefox/118.0,https://partner.site.com/ref?id=xyz,,"application/json, text/plain, */*"
192.168.0.28,1754284729.7314768,DELETE,/login,"Mozilla/5.0 (Windows NT 10.0; Win64; x64) AppleWebKit/537.36 (KHTML, like Gecko) Chrome/122.0.0.0 Safari/537.36",https://www.google.com/search?q=fastapi,Basic YWxhZGRpbjpvcGVuc2VzYW1l,text/plain
192.168.0.1,1754284729.7314885,POST,/terms,"Mozilla/5.0 (Windows NT 10.0; Win64; x64) AppleWebKit/537.36 (KHTML, like Gecko) Chrome/122.0.0.0 Safari/537.36",https://t.co/shortlink,Bearer eyJhbGciOiJIUzI1NiIsInR5cCI6IkpXVCJ9.eyJzdWIiOiIxMjM0NTY3ODkwIiwibmFtZSI6IkpvaG4gRG9lIiwiaWF0IjoxNTE2MjM5MDIyfQ.SflKxwRJSMeKKF2QT4fwpMeJf36POk6yJV_adQssw5c,text/plain
192.168.0.36,1754284729.7315028,PUT,/api/v1/cart/items/remove,Mozilla/5.0 (X11; Ubuntu; Linux x86_64; rv:118.0) Gecko/20100101 Firefox/118.0,https://ad.example.com/?utm_source=naver,Bearer eyJhbGciOiJIUzI1NiIsInR5cCI6IkpXVCJ9.eyJzdWIiOiIxMjM0NTY3ODkwIiwibmFtZSI6IkpvaG4gRG9lIiwiaWF0IjoxNTE2MjM5MDIyfQ.SflKxwRJSMeKKF2QT4fwpMeJf36POk6yJV_adQssw5c,"application/json;q=0.9,*/*;q=0.8"
10.0.0.125,1754284729.7315176,MAKE,/a/b/c/d/e/f/g/h/i/j,python-requests/2.31.0,localhost,Bearer invalidtoken,
192.168.0.46,1754284729.7315285,PATCH,/,"Mozilla/5.0 (Macintosh; Intel Mac OS X 13_5) AppleWebKit/605.1.15 (KHTML, like Gecko) Version/16.0 Safari/605.1.15",https://partner.site.com/ref?id=xyz,Bearer eyJhbGciOiJIUzI1NiIsInR5cCI6IkpXVCJ9.eyJzdWIiOiIxMjM0NTY3ODkwIiwibmFtZSI6IkpvaG4gRG9lIiwiaWF0IjoxNTE2MjM5MDIyfQ.SflKxwRJSMeKKF2QT4fwpMeJf36POk6yJV_adQssw5c,"text/html;q=0.8,application/json;q=0.2"
192.168.0.51,1754284729.7315474,HEAD,/category/electronics,Mozilla/5.0 (X11; Ubuntu; Linux x86_64; rv:118.0) Gecko/20100101 Firefox/118.0,https://www.facebook.com/share.php?u=https://example.com,Bearer eyJhbGciOiJIUzI1NiIsInR5cCI6IkpXVCJ9.eyJzdWIiOiIxMjM0NTY3ODkwIiwibmFtZSI6IkpvaG4gRG9lIiwiaWF0IjoxNTE2MjM5MDIyfQ.SflKxwRJSMeKKF2QT4fwpMeJf36POk6yJV_adQssw5c,text/html
192.168.0.76,1754284729.731562,GET,/api/v1/cart/items,"Mozilla/5.0 (Macintosh; Intel Mac OS X 13_5) AppleWebKit/605.1.15 (KHTML, like Gecko) Version/16.0 Safari/605.1.15",https://www.facebook.com/share.php?u=https://example.com,Basic YWxhZGRpbjpvcGVuc2VzYW1l,*/*
192.168.0.49,1754284729.7315748,GET,/mypage,"Mozilla/5.0 (Windows NT 10.0; Win64; x64) AppleWebKit/537.36 (KHTML, like Gecko) Chrome/122.0.0.0 Safari/537.36",https://search.naver.com/search.naver?query=fastapi,Basic YWxhZGRpbjpvcGVuc2VzYW1l,text/html
192.168.0.65,1754284729.7315881,DELETE,/api/v1/cart/items,"Mozilla/5.0 (Windows NT 10.0; Win64; x64) AppleWebKit/537.36 (KHTML, like Gecko) Chrome/122.0.0.0 Safari/537.36",https://t.co/shortlink,,"text/html;q=0.8,application/json;q=0.2"
192.168.0.33,1754284729.7316,PUT,/privacy,"Mozilla/5.0 (Macintosh; Intel Mac OS X 13_5) AppleWebKit/605.1.15 (KHTML, like Gecko) Version/16.0 Safari/605.1.15",https://t.co/shortlink,Bearer eyJhbGciOiJIUzI1NiIsInR5cCI6IkpXVCJ9.eyJzdWIiOiIxMjM0NTY3ODkwIiwibmFtZSI6IkpvaG4gRG9lIiwiaWF0IjoxNTE2MjM5MDIyfQ.SflKxwRJSMeKKF2QT4fwpMeJf36POk6yJV_adQssw5c,text/html
192.168.0.9,1754284729.7316148,PATCH,/,Mozilla/5.0 (X11; Ubuntu; Linux x86_64; rv:118.0) Gecko/20100101 Firefox/118.0,https://t.co/shortlink,,"text/html,application/xhtml+xml,application/xml;q=0.9,*/*;q=0.8"
192.168.0.15,1754284729.7316275,DELETE,/help,"Mozilla/5.0 (Linux; Android 11; SM-G991B) AppleWebKit/537.36 (KHTML, like Gecko) Chrome/119.0.6045.134 Mobile Safari/537.36",https://www.facebook.com/share.php?u=https://example.com,,application/javascript
192.168.0.66,1754284729.7316403,DELETE,/event/summer-sale,"Mozilla/5.0 (Windows NT 10.0; Win64; x64) AppleWebKit/537.36 (KHTML, like Gecko) Chrome/118.0.5993.90 Safari/537.36 Edg/118.0.2088.76",https://partner.site.com/ref?id=xyz,Bearer eyJhbGciOiJIUzI1NiIsInR5cCI6IkpXVCJ9.eyJzdWIiOiIxMjM0NTY3ODkwIiwibmFtZSI6IkpvaG4gRG9lIiwiaWF0IjoxNTE2MjM5MDIyfQ.SflKxwRJSMeKKF2QT4fwpMeJf36POk6yJV_adQssw5c,"text/html;q=0.8,application/json;q=0.2"
10.0.0.180,1754284729.7316568,MAKE,/a/b/c/d/e/f/g/h/i/j,curl/7.68.0,localhost,Bearer invalidtoken,
192.168.0.11,1754284729.7316754,PATCH,/product/123,"Mozilla/5.0 (Macintosh; Intel Mac OS X 13_5) AppleWebKit/605.1.15 (KHTML, like Gecko) Version/16.0 Safari/605.1.15",https://blog.tistory.com/entry/fastapi-intro,Bearer eyJhbGciOiJIUzI1NiIsInR5cCI6IkpXVCJ9.eyJzdWIiOiIxMjM0NTY3ODkwIiwibmFtZSI6IkpvaG4gRG9lIiwiaWF0IjoxNTE2MjM5MDIyfQ.SflKxwRJSMeKKF2QT4fwpMeJf36POk6yJV_adQssw5c,text/plain
192.168.0.78,1754284729.7316923,PUT,/api/v1/order/88/confirm,"Mozilla/5.0 (Windows NT 10.0; Win64; x64) AppleWebKit/537.36 (KHTML, like Gecko) Chrome/118.0.5993.90 Safari/537.36 Edg/118.0.2088.76",https://t.co/shortlink,,"text/html,application/xhtml+xml,application/xml;q=0.9,*/*;q=0.8"
192.168.0.89,1754284729.731707,PUT,/event/black-friday,Mozilla/5.0 (X11; Ubuntu; Linux x86_64; rv:118.0) Gecko/20100101 Firefox/118.0,https://ad.example.com/?utm_source=naver,Bearer eyJhbGciOiJIUzI1NiIsInR5cCI6IkpXVCJ9.eyJzdWIiOiIxMjM0NTY3ODkwIiwibmFtZSI6IkpvaG4gRG9lIiwiaWF0IjoxNTE2MjM5MDIyfQ.SflKxwRJSMeKKF2QT4fwpMeJf36POk6yJV_adQssw5c,application/javascript
192.168.0.41,1754284729.7317235,PUT,/cart/checkout,"Mozilla/5.0 (Macintosh; Intel Mac OS X 13_5) AppleWebKit/605.1.15 (KHTML, like Gecko) Version/16.0 Safari/605.1.15",https://shopping.example.com/deals,Bearer eyJhbGciOiJIUzI1NiIsInR5cCI6IkpXVCJ9.eyJzdWIiOiIxMjM0NTY3ODkwIiwibmFtZSI6IkpvaG4gRG9lIiwiaWF0IjoxNTE2MjM5MDIyfQ.SflKxwRJSMeKKF2QT4fwpMeJf36POk6yJV_adQssw5c,"text/html;q=0.8,application/json;q=0.2"
192.168.0.1,1754284729.731738,DELETE,/cart,"Mozilla/5.0 (iPhone; CPU iPhone OS 16_2 like Mac OS X) AppleWebKit/605.1.15 (KHTML, like Gecko) Mobile/15E148 Safari",https://search.naver.com/search.naver?query=fastapi,Basic YWxhZGRpbjpvcGVuc2VzYW1l,*/*
192.168.0.23,1754284729.731751,HEAD,/user/profile/edit,"Mozilla/5.0 (Windows NT 10.0; Win64; x64) AppleWebKit/537.36 (KHTML, like Gecko) Chrome/118.0.5993.90 Safari/537.36 Edg/118.0.2088.76",__OTHER__,,text/plain
192.168.0.7,1754284729.7317626,DELETE,/api/v1/cart/items/remove,"Mozilla/5.0 (Windows NT 10.0; Win64; x64) AppleWebKit/537.36 (KHTML, like Gecko) Chrome/122.0.0.0 Safari/537.36",https://blog.tistory.com/entry/fastapi-intro,Basic YWxhZGRpbjpvcGVuc2VzYW1l,application/json
192.168.0.63,1754284729.7318063,PUT,/product/1,"Mozilla/5.0 (iPhone; CPU iPhone OS 16_2 like Mac OS X) AppleWebKit/605.1.15 (KHTML, like Gecko) Mobile/15E148 Safari",https://t.co/shortlink,Bearer eyJhbGciOiJIUzI1NiIsInR5cCI6IkpXVCJ9.eyJzdWIiOiIxMjM0NTY3ODkwIiwibmFtZSI6IkpvaG4gRG9lIiwiaWF0IjoxNTE2MjM5MDIyfQ.SflKxwRJSMeKKF2QT4fwpMeJf36POk6yJV_adQssw5c,*/*
192.168.0.41,1754284729.7318218,PUT,/api/v1/user,"Mozilla/5.0 (Windows NT 10.0; Win64; x64) AppleWebKit/537.36 (KHTML, like Gecko) Chrome/122.0.0.0 Safari/537.36",__OTHER__,,"application/json;q=0.9,*/*;q=0.8"
10.0.0.117,1754284729.7318337,TRACE,/a/b/c/d/e/f/g/h/i/j,curl/7.68.0,,Bearer invalidtoken,
192.168.0.60,1754284729.7318423,POST,/cart/checkout,"Mozilla/5.0 (Windows NT 10.0; Win64; x64) AppleWebKit/537.36 (KHTML, like Gecko) Chrome/122.0.0.0 Safari/537.36",https://blog.tistory.com/entry/fastapi-intro,Basic YWxhZGRpbjpvcGVuc2VzYW1l,application/javascript
192.168.0.66,1754284729.7318552,PUT,/category/electronics,Mozilla/5.0 (X11; Ubuntu; Linux x86_64; rv:118.0) Gecko/20100101 Firefox/118.0,https://blog.tistory.com/entry/fastapi-intro,Bearer eyJhbGciOiJIUzI1NiIsInR5cCI6IkpXVCJ9.eyJzdWIiOiIxMjM0NTY3ODkwIiwibmFtZSI6IkpvaG4gRG9lIiwiaWF0IjoxNTE2MjM5MDIyfQ.SflKxwRJSMeKKF2QT4fwpMeJf36POk6yJV_adQssw5c,text/html
192.168.0.99,1754284729.7318697,DELETE,/help,"Mozilla/5.0 (Macintosh; Intel Mac OS X 13_5) AppleWebKit/605.1.15 (KHTML, like Gecko) Version/16.0 Safari/605.1.15",https://ad.example.com/?utm_source=naver,Basic YWxhZGRpbjpvcGVuc2VzYW1l,application/xhtml+xml
192.168.0.78,1754284729.7318835,HEAD,/admin/settings,"Mozilla/5.0 (Windows NT 10.0; Win64; x64) AppleWebKit/537.36 (KHTML, like Gecko) Chrome/118.0.5993.90 Safari/537.36 Edg/118.0.2088.76",https://www.facebook.com/share.php?u=https://example.com,Basic YWxhZGRpbjpvcGVuc2VzYW1l,"application/json;q=0.9,*/*;q=0.8"
192.168.0.97,1754284729.7318985,HEAD,/api/ping,"Mozilla/5.0 (Linux; Android 11; SM-G991B) AppleWebKit/537.36 (KHTML, like Gecko) Chrome/119.0.6045.134 Mobile Safari/537.36",https://shopping.example.com/deals,Basic YWxhZGRpbjpvcGVuc2VzYW1l,application/xml
192.168.0.58,1754284729.7319114,HEAD,/user/profile/edit,"Mozilla/5.0 (Macintosh; Intel Mac OS X 13_5) AppleWebKit/605.1.15 (KHTML, like Gecko) Version/16.0 Safari/605.1.15",https://partner.site.com/ref?id=xyz,Basic YWxhZGRpbjpvcGVuc2VzYW1l,"text/html,application/xhtml+xml,application/xml;q=0.9,*/*;q=0.8"
192.168.0.28,1754284729.731925,PATCH,/recommend/user/42,"Mozilla/5.0 (iPhone; CPU iPhone OS 16_2 like Mac OS X) AppleWebKit/605.1.15 (KHTML, like Gecko) Mobile/15E148 Safari",https://www.google.com/search?q=fastapi,Bearer eyJhbGciOiJIUzI1NiIsInR5cCI6IkpXVCJ9.eyJzdWIiOiIxMjM0NTY3ODkwIiwibmFtZSI6IkpvaG4gRG9lIiwiaWF0IjoxNTE2MjM5MDIyfQ.SflKxwRJSMeKKF2QT4fwpMeJf36POk6yJV_adQssw5c,text/html
192.168.0.74,1754284729.7319403,HEAD,/event/black-friday,"Mozilla/5.0 (Windows NT 10.0; Win64; x64) AppleWebKit/537.36 (KHTML, like Gecko) Chrome/122.0.0.0 Safari/537.36",https://www.facebook.com/share.php?u=https://example.com,Bearer eyJhbGciOiJIUzI1NiIsInR5cCI6IkpXVCJ9.eyJzdWIiOiIxMjM0NTY3ODkwIiwibmFtZSI6IkpvaG4gRG9lIiwiaWF0IjoxNTE2MjM5MDIyfQ.SflKxwRJSMeKKF2QT4fwpMeJf36POk6yJV_adQssw5c,*/*
192.168.0.38,1754284729.7319584,PATCH,/mypage/wishlist,"Mozilla/5.0 (Linux; Android 11; SM-G991B) AppleWebKit/537.36 (KHTML, like Gecko) Chrome/119.0.6045.134 Mobile Safari/537.36",https://www.facebook.com/share.php?u=https://example.com,,text/html
10.0.0.136,1754284729.73197,MAKE,/a/b/c/d/e/f/g/h/i/j,curl/7.68.0,localhost,Bearer invalidtoken,text/Google
192.168.0.59,1754284729.7319796,GET,/recommend/user/42,"Mozilla/5.0 (Windows NT 10.0; Win64; x64) AppleWebKit/537.36 (KHTML, like Gecko) Chrome/118.0.5993.90 Safari/537.36 Edg/118.0.2088.76",https://www.facebook.com/share.php?u=https://example.com,,text/plain
192.168.0.10,1754284729.731992,PUT,/api/v1/order/88/confirm,"Mozilla/5.0 (Windows NT 10.0; Win64; x64) AppleWebKit/537.36 (KHTML, like Gecko) Chrome/122.0.0.0 Safari/537.36",https://news.ycombinator.com/item?id=123456,Basic YWxhZGRpbjpvcGVuc2VzYW1l,*/*
192.168.0.79,1754284729.732004,POST,/admin/users/123,"Mozilla/5.0 (Windows NT 10.0; Win64; x64) AppleWebKit/537.36 (KHTML, like Gecko) Chrome/118.0.5993.90 Safari/537.36 Edg/118.0.2088.76",https://blog.tistory.com/entry/fastapi-intro,Basic YWxhZGRpbjpvcGVuc2VzYW1l,text/plain
192.168.0.8,1754284729.7320168,GET,/mypage/orders,"Mozilla/5.0 (Windows NT 10.0; Win64; x64) AppleWebKit/537.36 (KHTML, like Gecko) Chrome/118.0.5993.90 Safari/537.36 Edg/118.0.2088.76",https://partner.site.com/ref?id=xyz,,"application/json, text/plain, */*"
192.168.0.89,1754284729.7320297,POST,/api/ping,"Mozilla/5.0 (iPhone; CPU iPhone OS 16_2 like Mac OS X) AppleWebKit/605.1.15 (KHTML, like Gecko) Mobile/15E148 Safari",https://ad.example.com/?utm_source=naver,Bearer eyJhbGciOiJIUzI1NiIsInR5cCI6IkpXVCJ9.eyJzdWIiOiIxMjM0NTY3ODkwIiwibmFtZSI6IkpvaG4gRG9lIiwiaWF0IjoxNTE2MjM5MDIyfQ.SflKxwRJSMeKKF2QT4fwpMeJf36POk6yJV_adQssw5c,text/html
192.168.0.69,1754284729.7320447,HEAD,/api/v2/notification/mark-read,"Mozilla/5.0 (Windows NT 10.0; Win64; x64) AppleWebKit/537.36 (KHTML, like Gecko) Chrome/122.0.0.0 Safari/537.36",https://www.facebook.com/share.php?u=https://example.com,Bearer eyJhbGciOiJIUzI1NiIsInR5cCI6IkpXVCJ9.eyJzdWIiOiIxMjM0NTY3ODkwIiwibmFtZSI6IkpvaG4gRG9lIiwiaWF0IjoxNTE2MjM5MDIyfQ.SflKxwRJSMeKKF2QT4fwpMeJf36POk6yJV_adQssw5c,*/*
192.168.0.52,1754284729.7320611,DELETE,/cart/checkout,"Mozilla/5.0 (Linux; Android 11; SM-G991B) AppleWebKit/537.36 (KHTML, like Gecko) Chrome/119.0.6045.134 Mobile Safari/537.36",https://partner.site.com/ref?id=xyz,Bearer eyJhbGciOiJIUzI1NiIsInR5cCI6IkpXVCJ9.eyJzdWIiOiIxMjM0NTY3ODkwIiwibmFtZSI6IkpvaG4gRG9lIiwiaWF0IjoxNTE2MjM5MDIyfQ.SflKxwRJSMeKKF2QT4fwpMeJf36POk6yJV_adQssw5c,text/plain
192.168.0.38,1754284729.7320766,GET,/logout,"Mozilla/5.0 (iPhone; CPU iPhone OS 16_2 like Mac OS X) AppleWebKit/605.1.15 (KHTML, like Gecko) Mobile/15E148 Safari",https://t.co/shortlink,,application/xhtml+xml
192.168.0.18,1754284729.7320876,PATCH,/signup,"Mozilla/5.0 (iPhone; CPU iPhone OS 16_2 like Mac OS X) AppleWebKit/605.1.15 (KHTML, like Gecko) Mobile/15E148 Safari",__OTHER__,Basic YWxhZGRpbjpvcGVuc2VzYW1l,application/xhtml+xml
10.0.0.155,1754284729.7320988,TRACE,/a/b/c/d/e/f/g/h/i/j,python-requests/2.31.0,localhost,Bearer invalidtoken,text/Google
192.168.0.63,1754284729.7321084,POST,/api/v2/notification/mark-read,"Mozilla/5.0 (Windows NT 10.0; Win64; x64) AppleWebKit/537.36 (KHTML, like Gecko) Chrome/118.0.5993.90 Safari/537.36 Edg/118.0.2088.76",__OTHER__,,application/xml
192.168.0.67,1754284729.7321212,HEAD,/user/profile,"Mozilla/5.0 (Linux; Android 11; SM-G991B) AppleWebKit/537.36 (KHTML, like Gecko) Chrome/119.0.6045.134 Mobile Safari/537.36",__OTHER__,Basic YWxhZGRpbjpvcGVuc2VzYW1l,"text/html;q=0.8,application/json;q=0.2"
192.168.0.64,1754284729.732135,HEAD,/help,"Mozilla/5.0 (Windows NT 10.0; Win64; x64) AppleWebKit/537.36 (KHTML, like Gecko) Chrome/122.0.0.0 Safari/537.36",https://example.com/product/1,Basic YWxhZGRpbjpvcGVuc2VzYW1l,*/*
192.168.0.96,1754284729.7321463,POST,/mypage/wishlist,"Mozilla/5.0 (Windows NT 10.0; Win64; x64) AppleWebKit/537.36 (KHTML, like Gecko) Chrome/118.0.5993.90 Safari/537.36 Edg/118.0.2088.76",https://t.co/shortlink,Bearer eyJhbGciOiJIUzI1NiIsInR5cCI6IkpXVCJ9.eyJzdWIiOiIxMjM0NTY3ODkwIiwibmFtZSI6IkpvaG4gRG9lIiwiaWF0IjoxNTE2MjM5MDIyfQ.SflKxwRJSMeKKF2QT4fwpMeJf36POk6yJV_adQssw5c,application/xhtml+xml
192.168.0.4,1754284729.732162,GET,/user/profile,Mozilla/5.0 (X11; Ubuntu; Linux x86_64; rv:118.0) Gecko/20100101 Firefox/118.0,__OTHER__,Bearer eyJhbGciOiJIUzI1NiIsInR5cCI6IkpXVCJ9.eyJzdWIiOiIxMjM0NTY3ODkwIiwibmFtZSI6IkpvaG4gRG9lIiwiaWF0IjoxNTE2MjM5MDIyfQ.SflKxwRJSMeKKF2QT4fwpMeJf36POk6yJV_adQssw5c,application/xml
192.168.0.25,1754284729.7321758,PUT,/about,Mozilla/5.0 (X11; Ubuntu; Linux x86_64; rv:118.0) Gecko/20100101 Firefox/118.0,https://ad.example.com/?utm_source=naver,Bearer eyJhbGciOiJIUzI1NiIsInR5cCI6IkpXVCJ9.eyJzdWIiOiIxMjM0NTY3ODkwIiwibmFtZSI6IkpvaG4gRG9lIiwiaWF0IjoxNTE2MjM5MDIyfQ.SflKxwRJSMeKKF2QT4fwpMeJf36POk6yJV_adQssw5c,text/plain
192.168.0.42,1754284729.7321897,POST,/event/black-friday,"Mozilla/5.0 (Windows NT 10.0; Win64; x64) AppleWebKit/537.36 (KHTML, like Gecko) Chrome/122.0.0.0 Safari/537.36",https://news.ycombinator.com/item?id=123456,Basic YWxhZGRpbjpvcGVuc2VzYW1l,application/json
192.168.0.60,1754284729.7322297,HEAD,/about,"Mozilla/5.0 (Macintosh; Intel Mac OS X 13_5) AppleWebKit/605.1.15 (KHTML, like Gecko) Version/16.0 Safari/605.1.15",https://partner.site.com/ref?id=xyz,,text/html
192.168.0.67,1754284729.732241,PUT,/home,"Mozilla/5.0 (Windows NT 10.0; Win64; x64) AppleWebKit/537.36 (KHTML, like Gecko) Chrome/122.0.0.0 Safari/537.36",https://blog.tistory.com/entry/fastapi-intro,Basic YWxhZGRpbjpvcGVuc2VzYW1l,"text/html;q=0.8,application/json;q=0.2"
10.0.0.143,1754284729.732254,TRACE,/a/b/c/d/e/f/g/h/i/j,python-requests/2.31.0,,Bearer invalidtoken,text/Google
192.168.0.61,1754284729.732263,PUT,/admin,"Mozilla/5.0 (Windows NT 10.0; Win64; x64) AppleWebKit/537.36 (KHTML, like Gecko) Chrome/118.0.5993.90 Safari/537.36 Edg/118.0.2088.76",https://search.naver.com/search.naver?query=fastapi,Bearer eyJhbGciOiJIUzI1NiIsInR5cCI6IkpXVCJ9.eyJzdWIiOiIxMjM0NTY3ODkwIiwibmFtZSI6IkpvaG4gRG9lIiwiaWF0IjoxNTE2MjM5MDIyfQ.SflKxwRJSMeKKF2QT4fwpMeJf36POk6yJV_adQssw5c,"application/json;q=0.9,*/*;q=0.8"
192.168.0.22,1754284729.7322788,GET,/api/v2/notification/mark-read,"Mozilla/5.0 (Windows NT 10.0; Win64; x64) AppleWebKit/537.36 (KHTML, like Gecko) Chrome/122.0.0.0 Safari/537.36",https://shopping.example.com/deals,Bearer eyJhbGciOiJIUzI1NiIsInR5cCI6IkpXVCJ9.eyJzdWIiOiIxMjM0NTY3ODkwIiwibmFtZSI6IkpvaG4gRG9lIiwiaWF0IjoxNTE2MjM5MDIyfQ.SflKxwRJSMeKKF2QT4fwpMeJf36POk6yJV_adQssw5c,application/xhtml+xml
192.168.0.52,1754284729.7322943,PUT,/search?q=fastapi&page=2,"Mozilla/5.0 (iPhone; CPU iPhone OS 16_2 like Mac OS X) AppleWebKit/605.1.15 (KHTML, like Gecko) Mobile/15E148 Safari",https://partner.site.com/ref?id=xyz,Basic YWxhZGRpbjpvcGVuc2VzYW1l,text/plain
192.168.0.2,1754284729.7323067,HEAD,/cart/checkout,"Mozilla/5.0 (Windows NT 10.0; Win64; x64) AppleWebKit/537.36 (KHTML, like Gecko) Chrome/122.0.0.0 Safari/537.36",https://shopping.example.com/deals,,application/xml
192.168.0.36,1754284729.732318,HEAD,/event/black-friday,"Mozilla/5.0 (iPhone; CPU iPhone OS 16_2 like Mac OS X) AppleWebKit/605.1.15 (KHTML, like Gecko) Mobile/15E148 Safari",https://ad.example.com/?utm_source=naver,Basic YWxhZGRpbjpvcGVuc2VzYW1l,text/plain
192.168.0.33,1754284729.7323294,GET,/terms,"Mozilla/5.0 (iPhone; CPU iPhone OS 16_2 like Mac OS X) AppleWebKit/605.1.15 (KHTML, like Gecko) Mobile/15E148 Safari",https://news.ycombinator.com/item?id=123456,Basic YWxhZGRpbjpvcGVuc2VzYW1l,*/*
192.168.0.62,1754284729.7323413,POST,/search?q=fastapi&page=2,"Mozilla/5.0 (iPhone; CPU iPhone OS 16_2 like Mac OS X) AppleWebKit/605.1.15 (KHTML, like Gecko) Mobile/15E148 Safari",https://news.ycombinator.com/item?id=123456,Basic YWxhZGRpbjpvcGVuc2VzYW1l,application/json
192.168.0.76,1754284729.732353,GET,/api/v1/cart/items,"Mozilla/5.0 (Windows NT 10.0; Win64; x64) AppleWebKit/537.36 (KHTML, like Gecko) Chrome/122.0.0.0 Safari/537.36",https://shopping.example.com/deals,Bearer eyJhbGciOiJIUzI1NiIsInR5cCI6IkpXVCJ9.eyJzdWIiOiIxMjM0NTY3ODkwIiwibmFtZSI6IkpvaG4gRG9lIiwiaWF0IjoxNTE2MjM5MDIyfQ.SflKxwRJSMeKKF2QT4fwpMeJf36POk6yJV_adQssw5c,text/html
192.168.0.83,1754284729.7323675,PUT,/mypage/orders,Mozilla/5.0 (X11; Ubuntu; Linux x86_64; rv:118.0) Gecko/20100101 Firefox/118.0,https://example.com/product/1,Bearer eyJhbGciOiJIUzI1NiIsInR5cCI6IkpXVCJ9.eyJzdWIiOiIxMjM0NTY3ODkwIiwibmFtZSI6IkpvaG4gRG9lIiwiaWF0IjoxNTE2MjM5MDIyfQ.SflKxwRJSMeKKF2QT4fwpMeJf36POk6yJV_adQssw5c,"text/html;q=0.8,application/json;q=0.2"
10.0.0.135,1754284729.7323813,INVALID,/a/b/c/d/e/f/g/h/i/j,curl/7.68.0,http://evil.site,Bearer invalidtoken,text/Google
192.168.0.72,1754284729.7323904,GET,/api/v1/user,"Mozilla/5.0 (Windows NT 10.0; Win64; x64) AppleWebKit/537.36 (KHTML, like Gecko) Chrome/122.0.0.0 Safari/537.36",https://example.com/product/1,Bearer eyJhbGciOiJIUzI1NiIsInR5cCI6IkpXVCJ9.eyJzdWIiOiIxMjM0NTY3ODkwIiwibmFtZSI6IkpvaG4gRG9lIiwiaWF0IjoxNTE2MjM5MDIyfQ.SflKxwRJSMeKKF2QT4fwpMeJf36POk6yJV_adQssw5c,application/xhtml+xml
192.168.0.42,1754284729.7324045,PATCH,/user/profile/edit,"Mozilla/5.0 (Windows NT 10.0; Win64; x64) AppleWebKit/537.36 (KHTML, like Gecko) Chrome/118.0.5993.90 Safari/537.36 Edg/118.0.2088.76",https://blog.tistory.com/entry/fastapi-intro,Basic YWxhZGRpbjpvcGVuc2VzYW1l,text/plain
192.168.0.57,1754284729.7324169,DELETE,/mypage/orders/42,"Mozilla/5.0 (Linux; Android 11; SM-G991B) AppleWebKit/537.36 (KHTML, like Gecko) Chrome/119.0.6045.134 Mobile Safari/537.36",https://shopping.example.com/deals,Bearer eyJhbGciOiJIUzI1NiIsInR5cCI6IkpXVCJ9.eyJzdWIiOiIxMjM0NTY3ODkwIiwibmFtZSI6IkpvaG4gRG9lIiwiaWF0IjoxNTE2MjM5MDIyfQ.SflKxwRJSMeKKF2QT4fwpMeJf36POk6yJV_adQssw5c,application/xhtml+xml
192.168.0.78,1754284729.732432,DELETE,/event/black-friday,"Mozilla/5.0 (Windows NT 10.0; Win64; x64) AppleWebKit/537.36 (KHTML, like Gecko) Chrome/118.0.5993.90 Safari/537.36 Edg/118.0.2088.76",https://news.ycombinator.com/item?id=123456,Bearer eyJhbGciOiJIUzI1NiIsInR5cCI6IkpXVCJ9.eyJzdWIiOiIxMjM0NTY3ODkwIiwibmFtZSI6IkpvaG4gRG9lIiwiaWF0IjoxNTE2MjM5MDIyfQ.SflKxwRJSMeKKF2QT4fwpMeJf36POk6yJV_adQssw5c,"text/html,application/xhtml+xml,application/xml;q=0.9,*/*;q=0.8"
192.168.0.90,1754284729.7324505,POST,/review/product/15,"Mozilla/5.0 (Linux; Android 11; SM-G991B) AppleWebKit/537.36 (KHTML, like Gecko) Chrome/119.0.6045.134 Mobile Safari/537.36",https://news.ycombinator.com/item?id=123456,Basic YWxhZGRpbjpvcGVuc2VzYW1l,"application/json, text/plain, */*"
192.168.0.94,1754284729.7324631,POST,/,"Mozilla/5.0 (iPhone; CPU iPhone OS 16_2 like Mac OS X) AppleWebKit/605.1.15 (KHTML, like Gecko) Mobile/15E148 Safari",https://ad.example.com/?utm_source=naver,,application/javascript
192.168.0.84,1754284729.7324758,HEAD,/about,"Mozilla/5.0 (Linux; Android 11; SM-G991B) AppleWebKit/537.36 (KHTML, like Gecko) Chrome/119.0.6045.134 Mobile Safari/537.36",https://www.google.com/search?q=fastapi,Basic YWxhZGRpbjpvcGVuc2VzYW1l,application/json
192.168.0.96,1754284729.732488,POST,/,"Mozilla/5.0 (Windows NT 10.0; Win64; x64) AppleWebKit/537.36 (KHTML, like Gecko) Chrome/118.0.5993.90 Safari/537.36 Edg/118.0.2088.76",https://search.naver.com/search.naver?query=fastapi,Bearer eyJhbGciOiJIUzI1NiIsInR5cCI6IkpXVCJ9.eyJzdWIiOiIxMjM0NTY3ODkwIiwibmFtZSI6IkpvaG4gRG9lIiwiaWF0IjoxNTE2MjM5MDIyfQ.SflKxwRJSMeKKF2QT4fwpMeJf36POk6yJV_adQssw5c,application/xml
192.168.0.72,1754284729.7325027,PATCH,/admin/users,"Mozilla/5.0 (iPhone; CPU iPhone OS 16_2 like Mac OS X) AppleWebKit/605.1.15 (KHTML, like Gecko) Mobile/15E148 Safari",https://ad.example.com/?utm_source=naver,Bearer eyJhbGciOiJIUzI1NiIsInR5cCI6IkpXVCJ9.eyJzdWIiOiIxMjM0NTY3ODkwIiwibmFtZSI6IkpvaG4gRG9lIiwiaWF0IjoxNTE2MjM5MDIyfQ.SflKxwRJSMeKKF2QT4fwpMeJf36POk6yJV_adQssw5c,text/html
10.0.0.101,1754284729.7325177,TRACE,/a/b/c/d/e/f/g/h/i/j,python-requests/2.31.0,http://evil.site,Bearer invalidtoken,
192.168.0.31,1754284729.7325265,HEAD,/cart,"Mozilla/5.0 (Macintosh; Intel Mac OS X 13_5) AppleWebKit/605.1.15 (KHTML, like Gecko) Version/16.0 Safari/605.1.15",https://shopping.example.com/deals,Basic YWxhZGRpbjpvcGVuc2VzYW1l,application/xml
192.168.0.37,1754284729.7325382,PATCH,/api/v1/cart/items,Mozilla/5.0 (X11; Ubuntu; Linux x86_64; rv:118.0) Gecko/20100101 Firefox/118.0,https://blog.tistory.com/entry/fastapi-intro,Basic YWxhZGRpbjpvcGVuc2VzYW1l,"application/json, text/plain, */*"
192.168.0.81,1754284729.7325504,PUT,/event/summer-sale,"Mozilla/5.0 (Linux; Android 11; SM-G991B) AppleWebKit/537.36 (KHTML, like Gecko) Chrome/119.0.6045.134 Mobile Safari/537.36",https://shopping.example.com/deals,Basic YWxhZGRpbjpvcGVuc2VzYW1l,"text/html,application/xhtml+xml,application/xml;q=0.9,*/*;q=0.8"
192.168.0.46,1754284729.7325637,PUT,/api/v1/product/10/review,"Mozilla/5.0 (Macintosh; Intel Mac OS X 13_5) AppleWebKit/605.1.15 (KHTML, like Gecko) Version/16.0 Safari/605.1.15",https://news.ycombinator.com/item?id=123456,,text/html
192.168.0.43,1754284729.7325754,GET,/about,"Mozilla/5.0 (Macintosh; Intel Mac OS X 13_5) AppleWebKit/605.1.15 (KHTML, like Gecko) Version/16.0 Safari/605.1.15",https://www.google.com/search?q=fastapi,Basic YWxhZGRpbjpvcGVuc2VzYW1l,application/xhtml+xml
192.168.0.29,1754284729.7325873,GET,/help,Mozilla/5.0 (X11; Ubuntu; Linux x86_64; rv:118.0) Gecko/20100101 Firefox/118.0,https://shopping.example.com/deals,Bearer eyJhbGciOiJIUzI1NiIsInR5cCI6IkpXVCJ9.eyJzdWIiOiIxMjM0NTY3ODkwIiwibmFtZSI6IkpvaG4gRG9lIiwiaWF0IjoxNTE2MjM5MDIyfQ.SflKxwRJSMeKKF2QT4fwpMeJf36POk6yJV_adQssw5c,"application/json;q=0.9,*/*;q=0.8"
192.168.0.91,1754284729.7326417,POST,/mypage/orders/42,"Mozilla/5.0 (Windows NT 10.0; Win64; x64) AppleWebKit/537.36 (KHTML, like Gecko) Chrome/118.0.5993.90 Safari/537.36 Edg/118.0.2088.76",https://www.facebook.com/share.php?u=https://example.com,Basic YWxhZGRpbjpvcGVuc2VzYW1l,text/plain
192.168.0.83,1754284729.7326567,GET,/user/profile/edit,"Mozilla/5.0 (iPhone; CPU iPhone OS 16_2 like Mac OS X) AppleWebKit/605.1.15 (KHTML, like Gecko) Mobile/15E148 Safari",https://t.co/shortlink,Bearer eyJhbGciOiJIUzI1NiIsInR5cCI6IkpXVCJ9.eyJzdWIiOiIxMjM0NTY3ODkwIiwibmFtZSI6IkpvaG4gRG9lIiwiaWF0IjoxNTE2MjM5MDIyfQ.SflKxwRJSMeKKF2QT4fwpMeJf36POk6yJV_adQssw5c,*/*
192.168.0.18,1754284729.7326713,POST,/api/v1/user/42/orders,"Mozilla/5.0 (Windows NT 10.0; Win64; x64) AppleWebKit/537.36 (KHTML, like Gecko) Chrome/118.0.5993.90 Safari/537.36 Edg/118.0.2088.76",__OTHER__,Bearer eyJhbGciOiJIUzI1NiIsInR5cCI6IkpXVCJ9.eyJzdWIiOiIxMjM0NTY3ODkwIiwibmFtZSI6IkpvaG4gRG9lIiwiaWF0IjoxNTE2MjM5MDIyfQ.SflKxwRJSMeKKF2QT4fwpMeJf36POk6yJV_adQssw5c,text/plain
10.0.0.167,1754284729.7326853,MAKE,/a/b/c/d/e/f/g/h/i/j,python-requests/2.31.0,http://malicious.co,Bearer invalidtoken,text/Google
192.168.0.90,1754284729.7326953,HEAD,/,"Mozilla/5.0 (Windows NT 10.0; Win64; x64) AppleWebKit/537.36 (KHTML, like Gecko) Chrome/122.0.0.0 Safari/537.36",https://www.google.com/search?q=fastapi,Bearer eyJhbGciOiJIUzI1NiIsInR5cCI6IkpXVCJ9.eyJzdWIiOiIxMjM0NTY3ODkwIiwibmFtZSI6IkpvaG4gRG9lIiwiaWF0IjoxNTE2MjM5MDIyfQ.SflKxwRJSMeKKF2QT4fwpMeJf36POk6yJV_adQssw5c,*/*
192.168.0.26,1754284729.73271,POST,/api/v1/user/42/orders,"Mozilla/5.0 (Macintosh; Intel Mac OS X 13_5) AppleWebKit/605.1.15 (KHTML, like Gecko) Version/16.0 Safari/605.1.15",https://partner.site.com/ref?id=xyz,Bearer eyJhbGciOiJIUzI1NiIsInR5cCI6IkpXVCJ9.eyJzdWIiOiIxMjM0NTY3ODkwIiwibmFtZSI6IkpvaG4gRG9lIiwiaWF0IjoxNTE2MjM5MDIyfQ.SflKxwRJSMeKKF2QT4fwpMeJf36POk6yJV_adQssw5c,application/json
192.168.0.68,1754284729.7327259,POST,/review/product/15,"Mozilla/5.0 (Macintosh; Intel Mac OS X 13_5) AppleWebKit/605.1.15 (KHTML, like Gecko) Version/16.0 Safari/605.1.15",https://www.google.com/search?q=fastapi,Bearer eyJhbGciOiJIUzI1NiIsInR5cCI6IkpXVCJ9.eyJzdWIiOiIxMjM0NTY3ODkwIiwibmFtZSI6IkpvaG4gRG9lIiwiaWF0IjoxNTE2MjM5MDIyfQ.SflKxwRJSMeKKF2QT4fwpMeJf36POk6yJV_adQssw5c,"text/html;q=0.8,application/json;q=0.2"
192.168.0.46,1754284729.7327416,GET,/product/123,"Mozilla/5.0 (Windows NT 10.0; Win64; x64) AppleWebKit/537.36 (KHTML, like Gecko) Chrome/118.0.5993.90 Safari/537.36 Edg/118.0.2088.76",https://example.com/product/1,,application/javascript
192.168.0.46,1754284729.732754,HEAD,/api/v1/user,Mozilla/5.0 (X11; Ubuntu; Linux x86_64; rv:118.0) Gecko/20100101 Firefox/118.0,https://news.ycombinator.com/item?id=123456,,application/xhtml+xml
192.168.0.23,1754284729.7327642,POST,/category/electronics,Mozilla/5.0 (X11; Ubuntu; Linux x86_64; rv:118.0) Gecko/20100101 Firefox/118.0,https://blog.tistory.com/entry/fastapi-intro,Basic YWxhZGRpbjpvcGVuc2VzYW1l,"application/json;q=0.9,*/*;q=0.8"
192.168.0.63,1754284729.7327764,POST,/event/black-friday,"Mozilla/5.0 (Windows NT 10.0; Win64; x64) AppleWebKit/537.36 (KHTML, like Gecko) Chrome/122.0.0.0 Safari/537.36",https://www.facebook.com/share.php?u=https://example.com,Bearer eyJhbGciOiJIUzI1NiIsInR5cCI6IkpXVCJ9.eyJzdWIiOiIxMjM0NTY3ODkwIiwibmFtZSI6IkpvaG4gRG9lIiwiaWF0IjoxNTE2MjM5MDIyfQ.SflKxwRJSMeKKF2QT4fwpMeJf36POk6yJV_adQssw5c,"text/html;q=0.8,application/json;q=0.2"
192.168.0.14,1754284729.7327921,DELETE,/api/v1/product/10/review,"Mozilla/5.0 (Windows NT 10.0; Win64; x64) AppleWebKit/537.36 (KHTML, like Gecko) Chrome/122.0.0.0 Safari/537.36",https://www.google.com/search?q=fastapi,,"text/html;q=0.8,application/json;q=0.2"
192.168.0.13,1754284729.7328048,POST,/api/v1/user,"Mozilla/5.0 (Linux; Android 11; SM-G991B) AppleWebKit/537.36 (KHTML, like Gecko) Chrome/119.0.6045.134 Mobile Safari/537.36",https://www.google.com/search?q=fastapi,Bearer eyJhbGciOiJIUzI1NiIsInR5cCI6IkpXVCJ9.eyJzdWIiOiIxMjM0NTY3ODkwIiwibmFtZSI6IkpvaG4gRG9lIiwiaWF0IjoxNTE2MjM5MDIyfQ.SflKxwRJSMeKKF2QT4fwpMeJf36POk6yJV_adQssw5c,text/plain
10.0.0.119,1754284729.7328196,INVALID,/a/b/c/d/e/f/g/h/i/j,python-requests/2.31.0,,Bearer invalidtoken,application/zzz
192.168.0.36,1754284729.7328286,HEAD,/review/product/15,"Mozilla/5.0 (iPhone; CPU iPhone OS 16_2 like Mac OS X) AppleWebKit/605.1.15 (KHTML, like Gecko) Mobile/15E148 Safari",https://news.ycombinator.com/item?id=123456,Basic YWxhZGRpbjpvcGVuc2VzYW1l,"application/json, text/plain, */*"
192.168.0.26,1754284729.7328415,POST,/category/electronics,"Mozilla/5.0 (iPhone; CPU iPhone OS 16_2 like Mac OS X) AppleWebKit/605.1.15 (KHTML, like Gecko) Mobile/15E148 Safari",https://ad.example.com/?utm_source=naver,Bearer eyJhbGciOiJIUzI1NiIsInR5cCI6IkpXVCJ9.eyJzdWIiOiIxMjM0NTY3ODkwIiwibmFtZSI6IkpvaG4gRG9lIiwiaWF0IjoxNTE2MjM5MDIyfQ.SflKxwRJSMeKKF2QT4fwpMeJf36POk6yJV_adQssw5c,"text/html,application/xhtml+xml,application/xml;q=0.9,*/*;q=0.8"
192.168.0.29,1754284729.7328577,PATCH,/admin/logs/errors,"Mozilla/5.0 (Macintosh; Intel Mac OS X 13_5) AppleWebKit/605.1.15 (KHTML, like Gecko) Version/16.0 Safari/605.1.15",__OTHER__,Basic YWxhZGRpbjpvcGVuc2VzYW1l,"text/html,application/xhtml+xml,application/xml;q=0.9,*/*;q=0.8"
192.168.0.39,1754284729.73287,PATCH,/api/v1/user/42/profile,"Mozilla/5.0 (iPhone; CPU iPhone OS 16_2 like Mac OS X) AppleWebKit/605.1.15 (KHTML, like Gecko) Mobile/15E148 Safari",https://t.co/shortlink,,"text/html,application/xhtml+xml,application/xml;q=0.9,*/*;q=0.8"
192.168.0.55,1754284729.7328827,PATCH,/user/profile/edit,"Mozilla/5.0 (iPhone; CPU iPhone OS 16_2 like Mac OS X) AppleWebKit/605.1.15 (KHTML, like Gecko) Mobile/15E148 Safari",https://t.co/shortlink,Bearer eyJhbGciOiJIUzI1NiIsInR5cCI6IkpXVCJ9.eyJzdWIiOiIxMjM0NTY3ODkwIiwibmFtZSI6IkpvaG4gRG9lIiwiaWF0IjoxNTE2MjM5MDIyfQ.SflKxwRJSMeKKF2QT4fwpMeJf36POk6yJV_adQssw5c,application/json
192.168.0.45,1754284729.7328975,PUT,/cart,"Mozilla/5.0 (Windows NT 10.0; Win64; x64) AppleWebKit/537.36 (KHTML, like Gecko) Chrome/118.0.5993.90 Safari/537.36 Edg/118.0.2088.76",https://ad.example.com/?utm_source=naver,Basic YWxhZGRpbjpvcGVuc2VzYW1l,"text/html,application/xhtml+xml,application/xml;q=0.9,*/*;q=0.8"
192.168.0.92,1754284729.732911,POST,/mypage,"Mozilla/5.0 (Linux; Android 11; SM-G991B) AppleWebKit/537.36 (KHTML, like Gecko) Chrome/119.0.6045.134 Mobile Safari/537.36",https://search.naver.com/search.naver?query=fastapi,Bearer eyJhbGciOiJIUzI1NiIsInR5cCI6IkpXVCJ9.eyJzdWIiOiIxMjM0NTY3ODkwIiwibmFtZSI6IkpvaG4gRG9lIiwiaWF0IjoxNTE2MjM5MDIyfQ.SflKxwRJSMeKKF2QT4fwpMeJf36POk6yJV_adQssw5c,application/xhtml+xml
192.168.0.27,1754284729.7329261,HEAD,/logout,"Mozilla/5.0 (Windows NT 10.0; Win64; x64) AppleWebKit/537.36 (KHTML, like Gecko) Chrome/122.0.0.0 Safari/537.36",https://www.facebook.com/share.php?u=https://example.com,Basic YWxhZGRpbjpvcGVuc2VzYW1l,*/*
192.168.0.9,1754284729.732939,DELETE,/mypage,"Mozilla/5.0 (Windows NT 10.0; Win64; x64) AppleWebKit/537.36 (KHTML, like Gecko) Chrome/122.0.0.0 Safari/537.36",https://news.ycombinator.com/item?id=123456,Bearer eyJhbGciOiJIUzI1NiIsInR5cCI6IkpXVCJ9.eyJzdWIiOiIxMjM0NTY3ODkwIiwibmFtZSI6IkpvaG4gRG9lIiwiaWF0IjoxNTE2MjM5MDIyfQ.SflKxwRJSMeKKF2QT4fwpMeJf36POk6yJV_adQssw5c,"application/json, text/plain, */*"
10.0.0.124,1754284729.7329543,TRACE,/a/b/c/d/e/f/g/h/i/j,curl/7.68.0,http://evil.site,Bearer invalidtoken,text/Google
192.168.0.93,1754284729.732963,PUT,/event/summer-sale,"Mozilla/5.0 (Macintosh; Intel Mac OS X 13_5) AppleWebKit/605.1.15 (KHTML, like Gecko) Version/16.0 Safari/605.1.15",https://t.co/shortlink,,"application/json, text/plain, */*"
192.168.0.68,1754284729.7329745,PATCH,/cart/checkout,"Mozilla/5.0 (iPhone; CPU iPhone OS 16_2 like Mac OS X) AppleWebKit/605.1.15 (KHTML, like Gecko) Mobile/15E148 Safari",https://shopping.example.com/deals,Basic YWxhZGRpbjpvcGVuc2VzYW1l,"text/html,application/xhtml+xml,application/xml;q=0.9,*/*;q=0.8"
192.168.0.80,1754284729.7329874,POST,/help,Mozilla/5.0 (X11; Ubuntu; Linux x86_64; rv:118.0) Gecko/20100101 Firefox/118.0,https://example.com/product/1,,application/xml
192.168.0.100,1754284729.732998,PATCH,/review/product/1/page/2,"Mozilla/5.0 (iPhone; CPU iPhone OS 16_2 like Mac OS X) AppleWebKit/605.1.15 (KHTML, like Gecko) Mobile/15E148 Safari",https://shopping.example.com/deals,Bearer eyJhbGciOiJIUzI1NiIsInR5cCI6IkpXVCJ9.eyJzdWIiOiIxMjM0NTY3ODkwIiwibmFtZSI6IkpvaG4gRG9lIiwiaWF0IjoxNTE2MjM5MDIyfQ.SflKxwRJSMeKKF2QT4fwpMeJf36POk6yJV_adQssw5c,application/xhtml+xml
192.168.0.41,1754284729.7330368,HEAD,/category/electronics,"Mozilla/5.0 (Windows NT 10.0; Win64; x64) AppleWebKit/537.36 (KHTML, like Gecko) Chrome/122.0.0.0 Safari/537.36",https://partner.site.com/ref?id=xyz,Bearer eyJhbGciOiJIUzI1NiIsInR5cCI6IkpXVCJ9.eyJzdWIiOiIxMjM0NTY3ODkwIiwibmFtZSI6IkpvaG4gRG9lIiwiaWF0IjoxNTE2MjM5MDIyfQ.SflKxwRJSMeKKF2QT4fwpMeJf36POk6yJV_adQssw5c,*/*
192.168.0.93,1754284729.733051,POST,/user/profile,"Mozilla/5.0 (iPhone; CPU iPhone OS 16_2 like Mac OS X) AppleWebKit/605.1.15 (KHTML, like Gecko) Mobile/15E148 Safari",https://search.naver.com/search.naver?query=fastapi,,application/xml
192.168.0.76,1754284729.7330644,POST,/category/electronics,"Mozilla/5.0 (Macintosh; Intel Mac OS X 13_5) AppleWebKit/605.1.15 (KHTML, like Gecko) Version/16.0 Safari/605.1.15",https://www.google.com/search?q=fastapi,Basic YWxhZGRpbjpvcGVuc2VzYW1l,application/xml
192.168.0.16,1754284729.7330766,PATCH,/api/v1/user/42/profile,"Mozilla/5.0 (Windows NT 10.0; Win64; x64) AppleWebKit/537.36 (KHTML, like Gecko) Chrome/122.0.0.0 Safari/537.36",https://example.com/product/1,Bearer eyJhbGciOiJIUzI1NiIsInR5cCI6IkpXVCJ9.eyJzdWIiOiIxMjM0NTY3ODkwIiwibmFtZSI6IkpvaG4gRG9lIiwiaWF0IjoxNTE2MjM5MDIyfQ.SflKxwRJSMeKKF2QT4fwpMeJf36POk6yJV_adQssw5c,application/javascript
192.168.0.45,1754284729.7330914,GET,/category/electronics,"Mozilla/5.0 (Macintosh; Intel Mac OS X 13_5) AppleWebKit/605.1.15 (KHTML, like Gecko) Version/16.0 Safari/605.1.15",https://search.naver.com/search.naver?query=fastapi,Bearer eyJhbGciOiJIUzI1NiIsInR5cCI6IkpXVCJ9.eyJzdWIiOiIxMjM0NTY3ODkwIiwibmFtZSI6IkpvaG4gRG9lIiwiaWF0IjoxNTE2MjM5MDIyfQ.SflKxwRJSMeKKF2QT4fwpMeJf36POk6yJV_adQssw5c,application/xml
10.0.0.159,1754284729.733106,MAKE,/a/b/c/d/e/f/g/h/i/j,python-requests/2.31.0,http://malicious.co,Bearer invalidtoken,
192.168.0.30,1754284729.7331157,POST,/terms,"Mozilla/5.0 (Macintosh; Intel Mac OS X 13_5) AppleWebKit/605.1.15 (KHTML, like Gecko) Version/16.0 Safari/605.1.15",__OTHER__,,text/html
192.168.0.75,1754284729.7331262,POST,/home,"Mozilla/5.0 (Linux; Android 11; SM-G991B) AppleWebKit/537.36 (KHTML, like Gecko) Chrome/119.0.6045.134 Mobile Safari/537.36",https://t.co/shortlink,Basic YWxhZGRpbjpvcGVuc2VzYW1l,"application/json;q=0.9,*/*;q=0.8"
192.168.0.27,1754284729.733138,POST,/admin,"Mozilla/5.0 (Linux; Android 11; SM-G991B) AppleWebKit/537.36 (KHTML, like Gecko) Chrome/119.0.6045.134 Mobile Safari/537.36",https://t.co/shortlink,,"application/json;q=0.9,*/*;q=0.8"
192.168.0.34,1754284729.7331495,GET,/recommend/user/42,"Mozilla/5.0 (Macintosh; Intel Mac OS X 13_5) AppleWebKit/605.1.15 (KHTML, like Gecko) Version/16.0 Safari/605.1.15",https://search.naver.com/search.naver?query=fastapi,,"text/html;q=0.8,application/json;q=0.2"
192.168.0.88,1754284729.7331612,GET,/mypage/orders/42,"Mozilla/5.0 (Linux; Android 11; SM-G991B) AppleWebKit/537.36 (KHTML, like Gecko) Chrome/119.0.6045.134 Mobile Safari/537.36",https://example.com/product/1,,text/html
192.168.0.57,1754284729.7331715,GET,/cart/checkout,"Mozilla/5.0 (iPhone; CPU iPhone OS 16_2 like Mac OS X) AppleWebKit/605.1.15 (KHTML, like Gecko) Mobile/15E148 Safari",https://news.ycombinator.com/item?id=123456,Basic YWxhZGRpbjpvcGVuc2VzYW1l,text/plain
192.168.0.15,1754284729.7331846,PUT,/terms,"Mozilla/5.0 (Linux; Android 11; SM-G991B) AppleWebKit/537.36 (KHTML, like Gecko) Chrome/119.0.6045.134 Mobile Safari/537.36",https://news.ycombinator.com/item?id=123456,,text/plain
192.168.0.57,1754284729.7331953,HEAD,/search?q=fastapi&page=2,"Mozilla/5.0 (iPhone; CPU iPhone OS 16_2 like Mac OS X) AppleWebKit/605.1.15 (KHTML, like Gecko) Mobile/15E148 Safari",https://partner.site.com/ref?id=xyz,Basic YWxhZGRpbjpvcGVuc2VzYW1l,*/*
192.168.0.67,1754284729.7332075,PATCH,/event/summer-sale,Mozilla/5.0 (X11; Ubuntu; Linux x86_64; rv:118.0) Gecko/20100101 Firefox/118.0,https://www.google.com/search?q=fastapi,Basic YWxhZGRpbjpvcGVuc2VzYW1l,"application/json;q=0.9,*/*;q=0.8"
10.0.0.182,1754284729.7332187,INVALID,/a/b/c/d/e/f/g/h/i/j,curl/7.68.0,localhost,Bearer invalidtoken,text/Google
192.168.0.44,1754284729.7332275,PUT,/recommend/products,"Mozilla/5.0 (Windows NT 10.0; Win64; x64) AppleWebKit/537.36 (KHTML, like Gecko) Chrome/118.0.5993.90 Safari/537.36 Edg/118.0.2088.76",https://t.co/shortlink,Bearer eyJhbGciOiJIUzI1NiIsInR5cCI6IkpXVCJ9.eyJzdWIiOiIxMjM0NTY3ODkwIiwibmFtZSI6IkpvaG4gRG9lIiwiaWF0IjoxNTE2MjM5MDIyfQ.SflKxwRJSMeKKF2QT4fwpMeJf36POk6yJV_adQssw5c,"text/html,application/xhtml+xml,application/xml;q=0.9,*/*;q=0.8"
192.168.0.100,1754284729.733244,PUT,/terms,"Mozilla/5.0 (Macintosh; Intel Mac OS X 13_5) AppleWebKit/605.1.15 (KHTML, like Gecko) Version/16.0 Safari/605.1.15",https://search.naver.com/search.naver?query=fastapi,Basic YWxhZGRpbjpvcGVuc2VzYW1l,application/json
192.168.0.82,1754284729.7332556,POST,/api/v1/product/10/review,"Mozilla/5.0 (Macintosh; Intel Mac OS X 13_5) AppleWebKit/605.1.15 (KHTML, like Gecko) Version/16.0 Safari/605.1.15",https://shopping.example.com/deals,Basic YWxhZGRpbjpvcGVuc2VzYW1l,application/json
192.168.0.77,1754284729.7332673,HEAD,/admin/users,"Mozilla/5.0 (iPhone; CPU iPhone OS 16_2 like Mac OS X) AppleWebKit/605.1.15 (KHTML, like Gecko) Mobile/15E148 Safari",https://ad.example.com/?utm_source=naver,Bearer eyJhbGciOiJIUzI1NiIsInR5cCI6IkpXVCJ9.eyJzdWIiOiIxMjM0NTY3ODkwIiwibmFtZSI6IkpvaG4gRG9lIiwiaWF0IjoxNTE2MjM5MDIyfQ.SflKxwRJSMeKKF2QT4fwpMeJf36POk6yJV_adQssw5c,application/xhtml+xml
192.168.0.51,1754284729.7332823,PATCH,/cart,"Mozilla/5.0 (Windows NT 10.0; Win64; x64) AppleWebKit/537.36 (KHTML, like Gecko) Chrome/122.0.0.0 Safari/537.36",https://ad.example.com/?utm_source=naver,Basic YWxhZGRpbjpvcGVuc2VzYW1l,text/html
192.168.0.14,1754284729.733294,PUT,/event/summer-sale,"Mozilla/5.0 (Windows NT 10.0; Win64; x64) AppleWebKit/537.36 (KHTML, like Gecko) Chrome/122.0.0.0 Safari/537.36",https://www.facebook.com/share.php?u=https://example.com,Basic YWxhZGRpbjpvcGVuc2VzYW1l,"text/html,application/xhtml+xml,application/xml;q=0.9,*/*;q=0.8"
192.168.0.30,1754284729.7333076,POST,/api/v1/cart/items,"Mozilla/5.0 (Windows NT 10.0; Win64; x64) AppleWebKit/537.36 (KHTML, like Gecko) Chrome/122.0.0.0 Safari/537.36",https://shopping.example.com/deals,Basic YWxhZGRpbjpvcGVuc2VzYW1l,text/plain
192.168.0.97,1754284729.73332,GET,/,"Mozilla/5.0 (Linux; Android 11; SM-G991B) AppleWebKit/537.36 (KHTML, like Gecko) Chrome/119.0.6045.134 Mobile Safari/537.36",https://shopping.example.com/deals,Basic YWxhZGRpbjpvcGVuc2VzYW1l,text/html
192.168.0.11,1754284729.7333317,HEAD,/api/v1/user,"Mozilla/5.0 (Windows NT 10.0; Win64; x64) AppleWebKit/537.36 (KHTML, like Gecko) Chrome/122.0.0.0 Safari/537.36",https://search.naver.com/search.naver?query=fastapi,Bearer eyJhbGciOiJIUzI1NiIsInR5cCI6IkpXVCJ9.eyJzdWIiOiIxMjM0NTY3ODkwIiwibmFtZSI6IkpvaG4gRG9lIiwiaWF0IjoxNTE2MjM5MDIyfQ.SflKxwRJSMeKKF2QT4fwpMeJf36POk6yJV_adQssw5c,application/xhtml+xml
10.0.0.139,1754284729.7333474,INVALID,/a/b/c/d/e/f/g/h/i/j,curl/7.68.0,localhost,Bearer invalidtoken,application/zzz
192.168.0.68,1754284729.7333562,PUT,/mypage/orders,"Mozilla/5.0 (Linux; Android 11; SM-G991B) AppleWebKit/537.36 (KHTML, like Gecko) Chrome/119.0.6045.134 Mobile Safari/537.36",https://blog.tistory.com/entry/fastapi-intro,Basic YWxhZGRpbjpvcGVuc2VzYW1l,application/xhtml+xml
192.168.0.35,1754284729.7333689,GET,/admin/users/123,"Mozilla/5.0 (iPhone; CPU iPhone OS 16_2 like Mac OS X) AppleWebKit/605.1.15 (KHTML, like Gecko) Mobile/15E148 Safari",https://ad.example.com/?utm_source=naver,Basic YWxhZGRpbjpvcGVuc2VzYW1l,"text/html,application/xhtml+xml,application/xml;q=0.9,*/*;q=0.8"
192.168.0.24,1754284729.7333832,DELETE,/admin/users/123,Mozilla/5.0 (X11; Ubuntu; Linux x86_64; rv:118.0) Gecko/20100101 Firefox/118.0,https://ad.example.com/?utm_source=naver,Basic YWxhZGRpbjpvcGVuc2VzYW1l,*/*
192.168.0.98,1754284729.733395,DELETE,/product/1,"Mozilla/5.0 (Linux; Android 11; SM-G991B) AppleWebKit/537.36 (KHTML, like Gecko) Chrome/119.0.6045.134 Mobile Safari/537.36",https://blog.tistory.com/entry/fastapi-intro,Bearer eyJhbGciOiJIUzI1NiIsInR5cCI6IkpXVCJ9.eyJzdWIiOiIxMjM0NTY3ODkwIiwibmFtZSI6IkpvaG4gRG9lIiwiaWF0IjoxNTE2MjM5MDIyfQ.SflKxwRJSMeKKF2QT4fwpMeJf36POk6yJV_adQssw5c,application/javascript
192.168.0.99,1754284729.7334347,GET,/admin/users,"Mozilla/5.0 (Linux; Android 11; SM-G991B) AppleWebKit/537.36 (KHTML, like Gecko) Chrome/119.0.6045.134 Mobile Safari/537.36",https://ad.example.com/?utm_source=naver,,*/*
192.168.0.28,1754284729.733446,POST,/event/summer-sale,"Mozilla/5.0 (iPhone; CPU iPhone OS 16_2 like Mac OS X) AppleWebKit/605.1.15 (KHTML, like Gecko) Mobile/15E148 Safari",https://t.co/shortlink,,*/*
192.168.0.76,1754284729.7334573,PUT,/api/v1/product/10/review,"Mozilla/5.0 (Macintosh; Intel Mac OS X 13_5) AppleWebKit/605.1.15 (KHTML, like Gecko) Version/16.0 Safari/605.1.15",https://t.co/shortlink,Basic YWxhZGRpbjpvcGVuc2VzYW1l,"application/json, text/plain, */*"
192.168.0.76,1754284729.73347,PATCH,/api/v1/order/88/confirm,Mozilla/5.0 (X11; Ubuntu; Linux x86_64; rv:118.0) Gecko/20100101 Firefox/118.0,https://example.com/product/1,Basic YWxhZGRpbjpvcGVuc2VzYW1l,text/html
192.168.0.50,1754284729.733481,PATCH,/mypage/orders/42,"Mozilla/5.0 (iPhone; CPU iPhone OS 16_2 like Mac OS X) AppleWebKit/605.1.15 (KHTML, like Gecko) Mobile/15E148 Safari",https://partner.site.com/ref?id=xyz,Basic YWxhZGRpbjpvcGVuc2VzYW1l,application/xml
10.0.0.192,1754284729.733493,INVALID,/a/b/c/d/e/f/g/h/i/j,curl/7.68.0,localhost,Bearer invalidtoken,application/zzz
192.168.0.65,1754284729.7335021,POST,/admin/users/123,"Mozilla/5.0 (Macintosh; Intel Mac OS X 13_5) AppleWebKit/605.1.15 (KHTML, like Gecko) Version/16.0 Safari/605.1.15",https://t.co/shortlink,Basic YWxhZGRpbjpvcGVuc2VzYW1l,application/xhtml+xml
192.168.0.91,1754284729.7335138,GET,/logout,"Mozilla/5.0 (Linux; Android 11; SM-G991B) AppleWebKit/537.36 (KHTML, like Gecko) Chrome/119.0.6045.134 Mobile Safari/537.36",https://shopping.example.com/deals,,*/*
192.168.0.50,1754284729.7335243,PATCH,/contact,"Mozilla/5.0 (Linux; Android 11; SM-G991B) AppleWebKit/537.36 (KHTML, like Gecko) Chrome/119.0.6045.134 Mobile Safari/537.36",https://www.facebook.com/share.php?u=https://example.com,Bearer eyJhbGciOiJIUzI1NiIsInR5cCI6IkpXVCJ9.eyJzdWIiOiIxMjM0NTY3ODkwIiwibmFtZSI6IkpvaG4gRG9lIiwiaWF0IjoxNTE2MjM5MDIyfQ.SflKxwRJSMeKKF2QT4fwpMeJf36POk6yJV_adQssw5c,"text/html;q=0.8,application/json;q=0.2"
192.168.0.47,1754284729.7335403,HEAD,/recommend/user/42,"Mozilla/5.0 (Linux; Android 11; SM-G991B) AppleWebKit/537.36 (KHTML, like Gecko) Chrome/119.0.6045.134 Mobile Safari/537.36",https://www.google.com/search?q=fastapi,Bearer eyJhbGciOiJIUzI1NiIsInR5cCI6IkpXVCJ9.eyJzdWIiOiIxMjM0NTY3ODkwIiwibmFtZSI6IkpvaG4gRG9lIiwiaWF0IjoxNTE2MjM5MDIyfQ.SflKxwRJSMeKKF2QT4fwpMeJf36POk6yJV_adQssw5c,application/xml
192.168.0.92,1754284729.7335558,DELETE,/mypage/orders/42,"Mozilla/5.0 (Linux; Android 11; SM-G991B) AppleWebKit/537.36 (KHTML, like Gecko) Chrome/119.0.6045.134 Mobile Safari/537.36",https://t.co/shortlink,Basic YWxhZGRpbjpvcGVuc2VzYW1l,*/*
192.168.0.71,1754284729.733567,PATCH,/mypage/wishlist,Mozilla/5.0 (X11; Ubuntu; Linux x86_64; rv:118.0) Gecko/20100101 Firefox/118.0,https://shopping.example.com/deals,,"text/html;q=0.8,application/json;q=0.2"
192.168.0.83,1754284729.7335777,GET,/checkout/complete,"Mozilla/5.0 (Linux; Android 11; SM-G991B) AppleWebKit/537.36 (KHTML, like Gecko) Chrome/119.0.6045.134 Mobile Safari/537.36",https://shopping.example.com/deals,Bearer eyJhbGciOiJIUzI1NiIsInR5cCI6IkpXVCJ9.eyJzdWIiOiIxMjM0NTY3ODkwIiwibmFtZSI6IkpvaG4gRG9lIiwiaWF0IjoxNTE2MjM5MDIyfQ.SflKxwRJSMeKKF2QT4fwpMeJf36POk6yJV_adQssw5c,text/plain
192.168.0.19,1754284729.733592,HEAD,/event/black-friday,"Mozilla/5.0 (Linux; Android 11; SM-G991B) AppleWebKit/537.36 (KHTML, like Gecko) Chrome/119.0.6045.134 Mobile Safari/537.36",https://example.com/product/1,Basic YWxhZGRpbjpvcGVuc2VzYW1l,"text/html;q=0.8,application/json;q=0.2"
192.168.0.43,1754284729.7336051,PATCH,/product/1,"Mozilla/5.0 (Linux; Android 11; SM-G991B) AppleWebKit/537.36 (KHTML, like Gecko) Chrome/119.0.6045.134 Mobile Safari/537.36",__OTHER__,,*/*
10.0.0.129,1754284729.7336154,INVALID,/a/b/c/d/e/f/g/h/i/j,python-requests/2.31.0,http://evil.site,Bearer invalidtoken,
192.168.0.45,1754284729.7336245,HEAD,/help,"Mozilla/5.0 (Windows NT 10.0; Win64; x64) AppleWebKit/537.36 (KHTML, like Gecko) Chrome/118.0.5993.90 Safari/537.36 Edg/118.0.2088.76",https://partner.site.com/ref?id=xyz,,text/plain
192.168.0.61,1754284729.7336354,DELETE,/api/v1/cart/items/remove,"Mozilla/5.0 (Linux; Android 11; SM-G991B) AppleWebKit/537.36 (KHTML, like Gecko) Chrome/119.0.6045.134 Mobile Safari/537.36",__OTHER__,Basic YWxhZGRpbjpvcGVuc2VzYW1l,*/*
192.168.0.14,1754284729.7336466,PATCH,/api/v1/user/42/profile,"Mozilla/5.0 (Windows NT 10.0; Win64; x64) AppleWebKit/537.36 (KHTML, like Gecko) Chrome/118.0.5993.90 Safari/537.36 Edg/118.0.2088.76",https://example.com/product/1,,text/html
192.168.0.93,1754284729.7336578,PUT,/mypage/wishlist,Mozilla/5.0 (X11; Ubuntu; Linux x86_64; rv:118.0) Gecko/20100101 Firefox/118.0,__OTHER__,Basic YWxhZGRpbjpvcGVuc2VzYW1l,"text/html;q=0.8,application/json;q=0.2"
192.168.0.77,1754284729.7336683,HEAD,/search?q=fastapi&page=2,"Mozilla/5.0 (Windows NT 10.0; Win64; x64) AppleWebKit/537.36 (KHTML, like Gecko) Chrome/122.0.0.0 Safari/537.36",https://blog.tistory.com/entry/fastapi-intro,Basic YWxhZGRpbjpvcGVuc2VzYW1l,application/json
192.168.0.62,1754284729.7336805,POST,/signup,"Mozilla/5.0 (Macintosh; Intel Mac OS X 13_5) AppleWebKit/605.1.15 (KHTML, like Gecko) Version/16.0 Safari/605.1.15",https://search.naver.com/search.naver?query=fastapi,Basic YWxhZGRpbjpvcGVuc2VzYW1l,"application/json;q=0.9,*/*;q=0.8"
192.168.0.60,1754284729.7336926,GET,/api/v2/notification/mark-read,"Mozilla/5.0 (Windows NT 10.0; Win64; x64) AppleWebKit/537.36 (KHTML, like Gecko) Chrome/122.0.0.0 Safari/537.36",https://t.co/shortlink,,text/html
192.168.0.33,1754284729.7337036,PUT,/admin/logs/errors,"Mozilla/5.0 (iPhone; CPU iPhone OS 16_2 like Mac OS X) AppleWebKit/605.1.15 (KHTML, like Gecko) Mobile/15E148 Safari",https://ad.example.com/?utm_source=naver,Basic YWxhZGRpbjpvcGVuc2VzYW1l,"text/html,application/xhtml+xml,application/xml;q=0.9,*/*;q=0.8"
192.168.0.4,1754284729.7337174,DELETE,/recommend/products,"Mozilla/5.0 (Windows NT 10.0; Win64; x64) AppleWebKit/537.36 (KHTML, like Gecko) Chrome/118.0.5993.90 Safari/537.36 Edg/118.0.2088.76",https://www.facebook.com/share.php?u=https://example.com,Bearer eyJhbGciOiJIUzI1NiIsInR5cCI6IkpXVCJ9.eyJzdWIiOiIxMjM0NTY3ODkwIiwibmFtZSI6IkpvaG4gRG9lIiwiaWF0IjoxNTE2MjM5MDIyfQ.SflKxwRJSMeKKF2QT4fwpMeJf36POk6yJV_adQssw5c,application/javascript
10.0.0.111,1754284729.7337337,MAKE,/a/b/c/d/e/f/g/h/i/j,python-requests/2.31.0,,Bearer invalidtoken,text/Google
192.168.0.26,1754284729.7337422,PATCH,/contact,"Mozilla/5.0 (Macintosh; Intel Mac OS X 13_5) AppleWebKit/605.1.15 (KHTML, like Gecko) Version/16.0 Safari/605.1.15",https://ad.example.com/?utm_source=naver,Bearer eyJhbGciOiJIUzI1NiIsInR5cCI6IkpXVCJ9.eyJzdWIiOiIxMjM0NTY3ODkwIiwibmFtZSI6IkpvaG4gRG9lIiwiaWF0IjoxNTE2MjM5MDIyfQ.SflKxwRJSMeKKF2QT4fwpMeJf36POk6yJV_adQssw5c,application/json
192.168.0.70,1754284729.73376,GET,/checkout/complete,"Mozilla/5.0 (Linux; Android 11; SM-G991B) AppleWebKit/537.36 (KHTML, like Gecko) Chrome/119.0.6045.134 Mobile Safari/537.36",https://search.naver.com/search.naver?query=fastapi,Basic YWxhZGRpbjpvcGVuc2VzYW1l,text/plain
192.168.0.47,1754284729.7337725,POST,/api/v1/order/88/confirm,Mozilla/5.0 (X11; Ubuntu; Linux x86_64; rv:118.0) Gecko/20100101 Firefox/118.0,https://www.google.com/search?q=fastapi,Bearer eyJhbGciOiJIUzI1NiIsInR5cCI6IkpXVCJ9.eyJzdWIiOiIxMjM0NTY3ODkwIiwibmFtZSI6IkpvaG4gRG9lIiwiaWF0IjoxNTE2MjM5MDIyfQ.SflKxwRJSMeKKF2QT4fwpMeJf36POk6yJV_adQssw5c,"application/json;q=0.9,*/*;q=0.8"
192.168.0.34,1754284729.7337866,PUT,/product/1,"Mozilla/5.0 (Linux; Android 11; SM-G991B) AppleWebKit/537.36 (KHTML, like Gecko) Chrome/119.0.6045.134 Mobile Safari/537.36",https://www.facebook.com/share.php?u=https://example.com,Basic YWxhZGRpbjpvcGVuc2VzYW1l,"application/json;q=0.9,*/*;q=0.8"
192.168.0.83,1754284729.7338004,POST,/admin/settings,"Mozilla/5.0 (Macintosh; Intel Mac OS X 13_5) AppleWebKit/605.1.15 (KHTML, like Gecko) Version/16.0 Safari/605.1.15",https://blog.tistory.com/entry/fastapi-intro,Bearer eyJhbGciOiJIUzI1NiIsInR5cCI6IkpXVCJ9.eyJzdWIiOiIxMjM0NTY3ODkwIiwibmFtZSI6IkpvaG4gRG9lIiwiaWF0IjoxNTE2MjM5MDIyfQ.SflKxwRJSMeKKF2QT4fwpMeJf36POk6yJV_adQssw5c,application/json
192.168.0.38,1754284729.7338426,DELETE,/product/123,"Mozilla/5.0 (Macintosh; Intel Mac OS X 13_5) AppleWebKit/605.1.15 (KHTML, like Gecko) Version/16.0 Safari/605.1.15",__OTHER__,,application/javascript
192.168.0.19,1754284729.7338543,PUT,/terms,"Mozilla/5.0 (Windows NT 10.0; Win64; x64) AppleWebKit/537.36 (KHTML, like Gecko) Chrome/118.0.5993.90 Safari/537.36 Edg/118.0.2088.76",https://partner.site.com/ref?id=xyz,Basic YWxhZGRpbjpvcGVuc2VzYW1l,"application/json, text/plain, */*"
192.168.0.65,1754284729.733867,PUT,/login,"Mozilla/5.0 (iPhone; CPU iPhone OS 16_2 like Mac OS X) AppleWebKit/605.1.15 (KHTML, like Gecko) Mobile/15E148 Safari",__OTHER__,,application/json
192.168.0.90,1754284729.7338774,HEAD,/api/v2/notification/mark-read,"Mozilla/5.0 (Linux; Android 11; SM-G991B) AppleWebKit/537.36 (KHTML, like Gecko) Chrome/119.0.6045.134 Mobile Safari/537.36",https://news.ycombinator.com/item?id=123456,,text/plain
