ip,timestamp,method,path,ua,referer,cookie,accept_type
192.168.0.43,1752587318.114287,POST,/about,"Mozilla/5.0 (Windows NT 10.0; Win64; x64) AppleWebKit/537.36 (KHTML, like Gecko) Chrome/122.0.0.0 Safari/537.36",https://ad.example.com/?utm_source=naver,ref=affiliate123; campaign=spring_sale,application/javascript
192.168.0.121,1752587318.9344592,POST,/api/v1/user/42/profile,Mozilla/5.0 (X11; Ubuntu; Linux x86_64; rv:118.0) Gecko/20100101 Firefox/118.0,https://blog.tistory.com/entry/fastapi-intro,ref=affiliate123; campaign=spring_sale,application/javascript
192.168.0.155,1752587320.8560293,POST,/search?q=fastapi&page=2,"Mozilla/5.0 (iPhone; CPU iPhone OS 16_2 like Mac OS X) AppleWebKit/605.1.15 (KHTML, like Gecko) Mobile/15E148 Safari",https://t.co/shortlink,auth_token=eyJhbGciOiJIUzI1NiIs...; exp=1720000000,*/*
192.168.0.115,1752587321.4375236,POST,/admin/users,"Mozilla/5.0 (Windows NT 10.0; Win64; x64) AppleWebKit/537.36 (KHTML, like Gecko) Chrome/118.0.5993.90 Safari/537.36 Edg/118.0.2088.76",https://blog.tistory.com/entry/fastapi-intro,theme=dark; language=ko-KR,application/xml
192.168.0.120,1752587323.2468193,GET,/api/v1/user/42,Mozilla/5.0 (X11; Ubuntu; Linux x86_64; rv:118.0) Gecko/20100101 Firefox/118.0,https://t.co/shortlink,auth_token=eyJhbGciOiJIUzI1NiIs...; exp=1720000000,"application/json, text/plain, */*"
192.168.0.58,1752587323.8925116,POST,/api/v1/product/10/review,"Mozilla/5.0 (iPhone; CPU iPhone OS 16_2 like Mac OS X) AppleWebKit/605.1.15 (KHTML, like Gecko) Mobile/15E148 Safari",https://www.facebook.com/share.php?u=https://example.com,experiment=A; ab_group=3; recommendation=true,text/plain
192.168.0.78,1752587326.1247523,POST,/api/v1/cart/items/remove,"Mozilla/5.0 (Windows NT 10.0; Win64; x64) AppleWebKit/537.36 (KHTML, like Gecko) Chrome/122.0.0.0 Safari/537.36",https://partner.site.com/ref?id=xyz,"cart=1,2,3; viewed=5,7,10",application/xhtml+xml
192.168.0.30,1752587327.8655748,POST,/category/electronics,"Mozilla/5.0 (iPhone; CPU iPhone OS 16_2 like Mac OS X) AppleWebKit/605.1.15 (KHTML, like Gecko) Mobile/15E148 Safari",https://t.co/shortlink,experiment=A; ab_group=3; recommendation=true,application/javascript
192.168.0.22,1752587330.2178807,POST,/api/v1/order/88/confirm,"Mozilla/5.0 (Windows NT 10.0; Win64; x64) AppleWebKit/537.36 (KHTML, like Gecko) Chrome/118.0.5993.90 Safari/537.36 Edg/118.0.2088.76",https://blog.tistory.com/entry/fastapi-intro,experiment=A; ab_group=3; recommendation=true,application/xhtml+xml
192.168.0.119,1752587332.125712,GET,/,"Mozilla/5.0 (Macintosh; Intel Mac OS X 13_5) AppleWebKit/605.1.15 (KHTML, like Gecko) Version/16.0 Safari/605.1.15",https://search.naver.com/search.naver?query=fastapi,"cart=1,2,3; viewed=5,7,10","application/json, text/plain, */*"
192.168.0.169,1752587332.638546,POST,/about,"Mozilla/5.0 (Windows NT 10.0; Win64; x64) AppleWebKit/537.36 (KHTML, like Gecko) Chrome/118.0.5993.90 Safari/537.36 Edg/118.0.2088.76",https://www.facebook.com/share.php?u=https://example.com,uid=42; token=xyz123; cart=3,application/xml
192.168.0.130,1752587334.2440455,GET,/login,"Mozilla/5.0 (Windows NT 10.0; Win64; x64) AppleWebKit/537.36 (KHTML, like Gecko) Chrome/118.0.5993.90 Safari/537.36 Edg/118.0.2088.76",https://news.ycombinator.com/item?id=123456,theme=dark; language=ko-KR,"text/html;q=0.8,application/json;q=0.2"
192.168.0.37,1752587335.3681936,POST,/about,"Mozilla/5.0 (Linux; Android 11; SM-G991B) AppleWebKit/537.36 (KHTML, like Gecko) Chrome/119.0.6045.134 Mobile Safari/537.36",https://shopping.example.com/deals,"cart=1,2,3; viewed=5,7,10",application/xhtml+xml
192.168.0.35,1752587336.1220353,GET,/signup,"Mozilla/5.0 (Macintosh; Intel Mac OS X 13_5) AppleWebKit/605.1.15 (KHTML, like Gecko) Version/16.0 Safari/605.1.15",https://search.naver.com/search.naver?query=fastapi,ga=GA1.2.123456789.1700000000; _gid=GA1.2.987654321.1700000001,"application/json, text/plain, */*"
192.168.0.82,1752587338.4483178,POST,/api/v1/user/42/profile,"Mozilla/5.0 (Linux; Android 11; SM-G991B) AppleWebKit/537.36 (KHTML, like Gecko) Chrome/119.0.6045.134 Mobile Safari/537.36",https://example.com/product/1,uid=42; token=xyz123; cart=3,application/xhtml+xml
192.168.0.155,1752587340.6089592,GET,/recommend/products,"Mozilla/5.0 (Windows NT 10.0; Win64; x64) AppleWebKit/537.36 (KHTML, like Gecko) Chrome/122.0.0.0 Safari/537.36",https://partner.site.com/ref?id=xyz,experiment=A; ab_group=3; recommendation=true,application/json
192.168.0.103,1752587342.8415427,POST,/admin/users,"Mozilla/5.0 (Windows NT 10.0; Win64; x64) AppleWebKit/537.36 (KHTML, like Gecko) Chrome/118.0.5993.90 Safari/537.36 Edg/118.0.2088.76",https://t.co/shortlink,ref=affiliate123; campaign=spring_sale,*/*
192.168.0.95,1752587343.996116,GET,/product/1,"Mozilla/5.0 (Windows NT 10.0; Win64; x64) AppleWebKit/537.36 (KHTML, like Gecko) Chrome/122.0.0.0 Safari/537.36",https://ad.example.com/?utm_source=naver,"cart=1,2,3; viewed=5,7,10","application/json, text/plain, */*"
192.168.0.14,1752587345.158328,POST,/mypage/orders/42,"Mozilla/5.0 (Windows NT 10.0; Win64; x64) AppleWebKit/537.36 (KHTML, like Gecko) Chrome/118.0.5993.90 Safari/537.36 Edg/118.0.2088.76",https://example.com/product/1,sessionid=abc123; logged_in=true,application/xml
192.168.0.186,1752587346.9431748,GET,/search?q=shoes,"Mozilla/5.0 (iPhone; CPU iPhone OS 16_2 like Mac OS X) AppleWebKit/605.1.15 (KHTML, like Gecko) Mobile/15E148 Safari",https://news.ycombinator.com/item?id=123456,ga=GA1.2.123456789.1700000000; _gid=GA1.2.987654321.1700000001,application/javascript
192.168.0.73,1752587348.915446,POST,/api/v1/product/10/review,"Mozilla/5.0 (Windows NT 10.0; Win64; x64) AppleWebKit/537.36 (KHTML, like Gecko) Chrome/118.0.5993.90 Safari/537.36 Edg/118.0.2088.76",https://ad.example.com/?utm_source=naver,theme=dark; language=ko-KR,application/json
192.168.0.31,1752587350.327942,GET,/terms,Mozilla/5.0 (X11; Ubuntu; Linux x86_64; rv:118.0) Gecko/20100101 Firefox/118.0,https://example.com/product/1,theme=dark; language=ko-KR,application/xhtml+xml
192.168.0.102,1752587350.7364287,POST,/admin,"Mozilla/5.0 (Macintosh; Intel Mac OS X 13_5) AppleWebKit/605.1.15 (KHTML, like Gecko) Version/16.0 Safari/605.1.15",https://www.facebook.com/share.php?u=https://example.com,ref=affiliate123; campaign=spring_sale,text/html
192.168.0.128,1752587351.5693889,GET,/search?q=shoes,"Mozilla/5.0 (Windows NT 10.0; Win64; x64) AppleWebKit/537.36 (KHTML, like Gecko) Chrome/118.0.5993.90 Safari/537.36 Edg/118.0.2088.76",https://t.co/shortlink,uid=42; token=xyz123; cart=3,application/xml
192.168.0.137,1752587353.9857879,GET,/logout,Mozilla/5.0 (X11; Ubuntu; Linux x86_64; rv:118.0) Gecko/20100101 Firefox/118.0,https://example.com/product/1,auth_token=eyJhbGciOiJIUzI1NiIs...; exp=1720000000,text/plain
192.168.0.193,1752587354.3363125,GET,/event/summer-sale,Mozilla/5.0 (X11; Ubuntu; Linux x86_64; rv:118.0) Gecko/20100101 Firefox/118.0,https://t.co/shortlink,ref=affiliate123; campaign=spring_sale,*/*
192.168.0.170,1752587356.2695396,GET,/api/v1/user,"Mozilla/5.0 (Macintosh; Intel Mac OS X 13_5) AppleWebKit/605.1.15 (KHTML, like Gecko) Version/16.0 Safari/605.1.15",https://t.co/shortlink,"cart=1,2,3; viewed=5,7,10","application/json, text/plain, */*"
192.168.0.115,1752587356.6509242,POST,/about,"Mozilla/5.0 (Linux; Android 11; SM-G991B) AppleWebKit/537.36 (KHTML, like Gecko) Chrome/119.0.6045.134 Mobile Safari/537.36",https://blog.tistory.com/entry/fastapi-intro,ga=GA1.2.123456789.1700000000; _gid=GA1.2.987654321.1700000001,"text/html;q=0.8,application/json;q=0.2"
192.168.0.66,1752587358.4519236,POST,/mypage,"Mozilla/5.0 (Macintosh; Intel Mac OS X 13_5) AppleWebKit/605.1.15 (KHTML, like Gecko) Version/16.0 Safari/605.1.15",https://shopping.example.com/deals,auth_token=eyJhbGciOiJIUzI1NiIs...; exp=1720000000,text/html
192.168.0.19,1752587359.6695156,GET,/api/v1/cart/items,"Mozilla/5.0 (iPhone; CPU iPhone OS 16_2 like Mac OS X) AppleWebKit/605.1.15 (KHTML, like Gecko) Mobile/15E148 Safari",https://blog.tistory.com/entry/fastapi-intro,sessionid=abc123; logged_in=true,application/json
192.168.0.21,1752587362.0520651,POST,/api/v1/cart/items/remove,"Mozilla/5.0 (iPhone; CPU iPhone OS 16_2 like Mac OS X) AppleWebKit/605.1.15 (KHTML, like Gecko) Mobile/15E148 Safari",https://news.ycombinator.com/item?id=123456,sessionid=abc123; logged_in=true,*/*
192.168.0.123,1752587363.1028712,GET,/event/black-friday,"Mozilla/5.0 (Windows NT 10.0; Win64; x64) AppleWebKit/537.36 (KHTML, like Gecko) Chrome/122.0.0.0 Safari/537.36",https://partner.site.com/ref?id=xyz,experiment=A; ab_group=3; recommendation=true,"application/json, text/plain, */*"
192.168.0.162,1752587364.4617984,GET,/admin/users,"Mozilla/5.0 (Windows NT 10.0; Win64; x64) AppleWebKit/537.36 (KHTML, like Gecko) Chrome/122.0.0.0 Safari/537.36",https://shopping.example.com/deals,sessionid=abc123; logged_in=true,application/javascript
192.168.0.128,1752587364.9444487,GET,/event/summer-sale,"Mozilla/5.0 (Windows NT 10.0; Win64; x64) AppleWebKit/537.36 (KHTML, like Gecko) Chrome/118.0.5993.90 Safari/537.36 Edg/118.0.2088.76",https://www.facebook.com/share.php?u=https://example.com,theme=dark; language=ko-KR,application/javascript
192.168.0.7,1752587365.4672549,GET,/mypage,Mozilla/5.0 (X11; Ubuntu; Linux x86_64; rv:118.0) Gecko/20100101 Firefox/118.0,https://blog.tistory.com/entry/fastapi-intro,"cart=1,2,3; viewed=5,7,10",application/xml
192.168.0.97,1752587367.2612848,GET,/product/1,"Mozilla/5.0 (Windows NT 10.0; Win64; x64) AppleWebKit/537.36 (KHTML, like Gecko) Chrome/122.0.0.0 Safari/537.36",https://www.facebook.com/share.php?u=https://example.com,ga=GA1.2.123456789.1700000000; _gid=GA1.2.987654321.1700000001,"text/html,application/xhtml+xml,application/xml;q=0.9,*/*;q=0.8"
192.168.0.140,1752587368.9069412,POST,/review/product/1/page/2,"Mozilla/5.0 (Macintosh; Intel Mac OS X 13_5) AppleWebKit/605.1.15 (KHTML, like Gecko) Version/16.0 Safari/605.1.15",https://www.facebook.com/share.php?u=https://example.com,ga=GA1.2.123456789.1700000000; _gid=GA1.2.987654321.1700000001,application/xhtml+xml
192.168.0.64,1752587369.683713,GET,/mypage/orders/42,"Mozilla/5.0 (Linux; Android 11; SM-G991B) AppleWebKit/537.36 (KHTML, like Gecko) Chrome/119.0.6045.134 Mobile Safari/537.36",https://shopping.example.com/deals,sessionid=abc123; logged_in=true,"application/json;q=0.9,*/*;q=0.8"
192.168.0.133,1752587370.9861126,POST,/admin,Mozilla/5.0 (X11; Ubuntu; Linux x86_64; rv:118.0) Gecko/20100101 Firefox/118.0,https://blog.tistory.com/entry/fastapi-intro,uid=42; token=xyz123; cart=3,application/xml
192.168.0.154,1752587372.5843518,POST,/about,"Mozilla/5.0 (Windows NT 10.0; Win64; x64) AppleWebKit/537.36 (KHTML, like Gecko) Chrome/122.0.0.0 Safari/537.36",https://www.facebook.com/share.php?u=https://example.com,ga=GA1.2.123456789.1700000000; _gid=GA1.2.987654321.1700000001,application/json
192.168.0.134,1752587374.4953303,POST,/product/123,"Mozilla/5.0 (Windows NT 10.0; Win64; x64) AppleWebKit/537.36 (KHTML, like Gecko) Chrome/118.0.5993.90 Safari/537.36 Edg/118.0.2088.76",https://search.naver.com/search.naver?query=fastapi,"cart=1,2,3; viewed=5,7,10","text/html;q=0.8,application/json;q=0.2"
192.168.0.67,1752587376.0877066,POST,/mypage,"Mozilla/5.0 (iPhone; CPU iPhone OS 16_2 like Mac OS X) AppleWebKit/605.1.15 (KHTML, like Gecko) Mobile/15E148 Safari",https://www.google.com/search?q=fastapi,ga=GA1.2.123456789.1700000000; _gid=GA1.2.987654321.1700000001,text/plain
192.168.0.58,1752587376.5284503,POST,/api/v1/user/42/profile,Mozilla/5.0 (X11; Ubuntu; Linux x86_64; rv:118.0) Gecko/20100101 Firefox/118.0,https://blog.tistory.com/entry/fastapi-intro,uid=42; token=xyz123; cart=3,"application/json, text/plain, */*"
192.168.0.194,1752587378.5205626,GET,/mypage,"Mozilla/5.0 (Macintosh; Intel Mac OS X 13_5) AppleWebKit/605.1.15 (KHTML, like Gecko) Version/16.0 Safari/605.1.15",https://partner.site.com/ref?id=xyz,experiment=A; ab_group=3; recommendation=true,application/xhtml+xml
192.168.0.96,1752587378.8232586,POST,/api/v1/order/88/confirm,"Mozilla/5.0 (Macintosh; Intel Mac OS X 13_5) AppleWebKit/605.1.15 (KHTML, like Gecko) Version/16.0 Safari/605.1.15",https://search.naver.com/search.naver?query=fastapi,sessionid=abc123; logged_in=true,"application/json;q=0.9,*/*;q=0.8"
192.168.0.63,1752587379.5220375,POST,/api/v1/user,"Mozilla/5.0 (Macintosh; Intel Mac OS X 13_5) AppleWebKit/605.1.15 (KHTML, like Gecko) Version/16.0 Safari/605.1.15",https://t.co/shortlink,uid=42; token=xyz123; cart=3,"application/json, text/plain, */*"
192.168.0.11,1752587381.5071723,POST,/recommend/user/42,"Mozilla/5.0 (iPhone; CPU iPhone OS 16_2 like Mac OS X) AppleWebKit/605.1.15 (KHTML, like Gecko) Mobile/15E148 Safari",https://shopping.example.com/deals,theme=dark; language=ko-KR,text/plain
192.168.0.72,1752587383.2050257,POST,/mypage/orders,"Mozilla/5.0 (Windows NT 10.0; Win64; x64) AppleWebKit/537.36 (KHTML, like Gecko) Chrome/122.0.0.0 Safari/537.36",https://www.google.com/search?q=fastapi,experiment=A; ab_group=3; recommendation=true,"text/html;q=0.8,application/json;q=0.2"
192.168.0.152,1752587385.2002542,POST,/api/v1/user/42/orders,"Mozilla/5.0 (Windows NT 10.0; Win64; x64) AppleWebKit/537.36 (KHTML, like Gecko) Chrome/118.0.5993.90 Safari/537.36 Edg/118.0.2088.76",https://search.naver.com/search.naver?query=fastapi,auth_token=eyJhbGciOiJIUzI1NiIs...; exp=1720000000,"application/json, text/plain, */*"
192.168.0.71,1752587387.655374,GET,/home,"Mozilla/5.0 (Windows NT 10.0; Win64; x64) AppleWebKit/537.36 (KHTML, like Gecko) Chrome/118.0.5993.90 Safari/537.36 Edg/118.0.2088.76",https://ad.example.com/?utm_source=naver,uid=42; token=xyz123; cart=3,*/*
192.168.0.77,1752587389.104813,GET,/api/v1/user/42,"Mozilla/5.0 (Linux; Android 11; SM-G991B) AppleWebKit/537.36 (KHTML, like Gecko) Chrome/119.0.6045.134 Mobile Safari/537.36",https://blog.tistory.com/entry/fastapi-intro,theme=dark; language=ko-KR,"text/html,application/xhtml+xml,application/xml;q=0.9,*/*;q=0.8"
192.168.0.199,1752587391.0815082,GET,/api/ping,"Mozilla/5.0 (Windows NT 10.0; Win64; x64) AppleWebKit/537.36 (KHTML, like Gecko) Chrome/118.0.5993.90 Safari/537.36 Edg/118.0.2088.76",https://partner.site.com/ref?id=xyz,theme=dark; language=ko-KR,application/javascript
192.168.0.20,1752587392.5960526,GET,/privacy,"Mozilla/5.0 (Windows NT 10.0; Win64; x64) AppleWebKit/537.36 (KHTML, like Gecko) Chrome/118.0.5993.90 Safari/537.36 Edg/118.0.2088.76",https://news.ycombinator.com/item?id=123456,ref=affiliate123; campaign=spring_sale,application/xhtml+xml
192.168.0.140,1752587393.1818886,POST,/,"Mozilla/5.0 (Linux; Android 11; SM-G991B) AppleWebKit/537.36 (KHTML, like Gecko) Chrome/119.0.6045.134 Mobile Safari/537.36",https://blog.tistory.com/entry/fastapi-intro,experiment=A; ab_group=3; recommendation=true,text/plain
192.168.0.76,1752587394.366496,POST,/api/v1/user/42,"Mozilla/5.0 (Macintosh; Intel Mac OS X 13_5) AppleWebKit/605.1.15 (KHTML, like Gecko) Version/16.0 Safari/605.1.15",https://t.co/shortlink,ref=affiliate123; campaign=spring_sale,"text/html,application/xhtml+xml,application/xml;q=0.9,*/*;q=0.8"
192.168.0.49,1752587394.8272116,POST,/admin/logs/errors,"Mozilla/5.0 (iPhone; CPU iPhone OS 16_2 like Mac OS X) AppleWebKit/605.1.15 (KHTML, like Gecko) Mobile/15E148 Safari",https://example.com/product/1,ga=GA1.2.123456789.1700000000; _gid=GA1.2.987654321.1700000001,application/xml
192.168.0.71,1752587395.542371,POST,/user/profile/edit,"Mozilla/5.0 (Windows NT 10.0; Win64; x64) AppleWebKit/537.36 (KHTML, like Gecko) Chrome/118.0.5993.90 Safari/537.36 Edg/118.0.2088.76",https://t.co/shortlink,theme=dark; language=ko-KR,"application/json, text/plain, */*"
192.168.0.181,1752587396.86798,POST,/mypage/wishlist,"Mozilla/5.0 (Macintosh; Intel Mac OS X 13_5) AppleWebKit/605.1.15 (KHTML, like Gecko) Version/16.0 Safari/605.1.15",https://example.com/product/1,"cart=1,2,3; viewed=5,7,10","text/html;q=0.8,application/json;q=0.2"
192.168.0.32,1752587398.2240572,GET,/checkout/complete,"Mozilla/5.0 (Macintosh; Intel Mac OS X 13_5) AppleWebKit/605.1.15 (KHTML, like Gecko) Version/16.0 Safari/605.1.15",https://shopping.example.com/deals,"cart=1,2,3; viewed=5,7,10","text/html;q=0.8,application/json;q=0.2"
192.168.0.33,1752587399.580663,GET,/api/v1/user/42/profile,"Mozilla/5.0 (Windows NT 10.0; Win64; x64) AppleWebKit/537.36 (KHTML, like Gecko) Chrome/118.0.5993.90 Safari/537.36 Edg/118.0.2088.76",https://www.google.com/search?q=fastapi,ga=GA1.2.123456789.1700000000; _gid=GA1.2.987654321.1700000001,"application/json, text/plain, */*"
192.168.0.106,1752587401.5954823,POST,/user/profile/edit,Mozilla/5.0 (X11; Ubuntu; Linux x86_64; rv:118.0) Gecko/20100101 Firefox/118.0,https://www.facebook.com/share.php?u=https://example.com,theme=dark; language=ko-KR,"application/json, text/plain, */*"
192.168.0.184,1752587402.3715694,GET,/user/profile/edit,"Mozilla/5.0 (Macintosh; Intel Mac OS X 13_5) AppleWebKit/605.1.15 (KHTML, like Gecko) Version/16.0 Safari/605.1.15",https://t.co/shortlink,experiment=A; ab_group=3; recommendation=true,application/xhtml+xml
192.168.0.75,1752587404.7247465,POST,/api/v1/user/42/orders,"Mozilla/5.0 (Linux; Android 11; SM-G991B) AppleWebKit/537.36 (KHTML, like Gecko) Chrome/119.0.6045.134 Mobile Safari/537.36",https://blog.tistory.com/entry/fastapi-intro,ga=GA1.2.123456789.1700000000; _gid=GA1.2.987654321.1700000001,application/javascript
192.168.0.189,1752587405.600004,POST,/contact,"Mozilla/5.0 (Windows NT 10.0; Win64; x64) AppleWebKit/537.36 (KHTML, like Gecko) Chrome/122.0.0.0 Safari/537.36",https://example.com/product/1,"cart=1,2,3; viewed=5,7,10",*/*
192.168.0.32,1752587407.2009237,GET,/review/product/1/page/2,"Mozilla/5.0 (Windows NT 10.0; Win64; x64) AppleWebKit/537.36 (KHTML, like Gecko) Chrome/122.0.0.0 Safari/537.36",https://news.ycombinator.com/item?id=123456,sessionid=abc123; logged_in=true,"application/json;q=0.9,*/*;q=0.8"
192.168.0.148,1752587407.5439243,GET,/about,Mozilla/5.0 (X11; Ubuntu; Linux x86_64; rv:118.0) Gecko/20100101 Firefox/118.0,https://www.facebook.com/share.php?u=https://example.com,ref=affiliate123; campaign=spring_sale,"application/json;q=0.9,*/*;q=0.8"
192.168.0.137,1752587409.311146,GET,/admin/logs/errors,"Mozilla/5.0 (Linux; Android 11; SM-G991B) AppleWebKit/537.36 (KHTML, like Gecko) Chrome/119.0.6045.134 Mobile Safari/537.36",https://shopping.example.com/deals,auth_token=eyJhbGciOiJIUzI1NiIs...; exp=1720000000,"application/json;q=0.9,*/*;q=0.8"
192.168.0.56,1752587410.7374258,GET,/,"Mozilla/5.0 (Macintosh; Intel Mac OS X 13_5) AppleWebKit/605.1.15 (KHTML, like Gecko) Version/16.0 Safari/605.1.15",https://www.facebook.com/share.php?u=https://example.com,ga=GA1.2.123456789.1700000000; _gid=GA1.2.987654321.1700000001,"text/html,application/xhtml+xml,application/xml;q=0.9,*/*;q=0.8"
192.168.0.151,1752587412.4707227,POST,/admin/users,"Mozilla/5.0 (iPhone; CPU iPhone OS 16_2 like Mac OS X) AppleWebKit/605.1.15 (KHTML, like Gecko) Mobile/15E148 Safari",https://example.com/product/1,auth_token=eyJhbGciOiJIUzI1NiIs...; exp=1720000000,application/javascript
192.168.0.184,1752587414.6895034,POST,/mypage/orders/42,"Mozilla/5.0 (Windows NT 10.0; Win64; x64) AppleWebKit/537.36 (KHTML, like Gecko) Chrome/122.0.0.0 Safari/537.36",https://blog.tistory.com/entry/fastapi-intro,uid=42; token=xyz123; cart=3,"text/html,application/xhtml+xml,application/xml;q=0.9,*/*;q=0.8"
192.168.0.12,1752587415.7638552,POST,/product/123,"Mozilla/5.0 (Windows NT 10.0; Win64; x64) AppleWebKit/537.36 (KHTML, like Gecko) Chrome/122.0.0.0 Safari/537.36",https://example.com/product/1,auth_token=eyJhbGciOiJIUzI1NiIs...; exp=1720000000,text/plain
192.168.0.61,1752587418.1360767,GET,/search?q=fastapi&page=2,"Mozilla/5.0 (iPhone; CPU iPhone OS 16_2 like Mac OS X) AppleWebKit/605.1.15 (KHTML, like Gecko) Mobile/15E148 Safari",https://ad.example.com/?utm_source=naver,ref=affiliate123; campaign=spring_sale,application/xhtml+xml
192.168.0.41,1752587418.483753,GET,/login,"Mozilla/5.0 (Macintosh; Intel Mac OS X 13_5) AppleWebKit/605.1.15 (KHTML, like Gecko) Version/16.0 Safari/605.1.15",https://example.com/product/1,theme=dark; language=ko-KR,"text/html,application/xhtml+xml,application/xml;q=0.9,*/*;q=0.8"
192.168.0.29,1752587420.444605,POST,/mypage/orders,"Mozilla/5.0 (Windows NT 10.0; Win64; x64) AppleWebKit/537.36 (KHTML, like Gecko) Chrome/118.0.5993.90 Safari/537.36 Edg/118.0.2088.76",https://example.com/product/1,ga=GA1.2.123456789.1700000000; _gid=GA1.2.987654321.1700000001,"application/json;q=0.9,*/*;q=0.8"
192.168.0.65,1752587421.1018798,POST,/recommend/user/42,"Mozilla/5.0 (Macintosh; Intel Mac OS X 13_5) AppleWebKit/605.1.15 (KHTML, like Gecko) Version/16.0 Safari/605.1.15",https://blog.tistory.com/entry/fastapi-intro,theme=dark; language=ko-KR,*/*
192.168.0.14,1752587423.0099654,GET,/api/v1/user/42/profile,"Mozilla/5.0 (Windows NT 10.0; Win64; x64) AppleWebKit/537.36 (KHTML, like Gecko) Chrome/122.0.0.0 Safari/537.36",https://news.ycombinator.com/item?id=123456,ref=affiliate123; campaign=spring_sale,text/html
192.168.0.113,1752587425.303317,POST,/product/1,"Mozilla/5.0 (Linux; Android 11; SM-G991B) AppleWebKit/537.36 (KHTML, like Gecko) Chrome/119.0.6045.134 Mobile Safari/537.36",https://blog.tistory.com/entry/fastapi-intro,sessionid=abc123; logged_in=true,application/json
192.168.0.135,1752587427.2645204,POST,/admin/logs/errors,"Mozilla/5.0 (Macintosh; Intel Mac OS X 13_5) AppleWebKit/605.1.15 (KHTML, like Gecko) Version/16.0 Safari/605.1.15",https://shopping.example.com/deals,theme=dark; language=ko-KR,"text/html;q=0.8,application/json;q=0.2"
192.168.0.192,1752587428.1995044,GET,/admin/users,"Mozilla/5.0 (Linux; Android 11; SM-G991B) AppleWebKit/537.36 (KHTML, like Gecko) Chrome/119.0.6045.134 Mobile Safari/537.36",https://news.ycombinator.com/item?id=123456,auth_token=eyJhbGciOiJIUzI1NiIs...; exp=1720000000,*/*
192.168.0.175,1752587430.2274733,POST,/api/ping,"Mozilla/5.0 (iPhone; CPU iPhone OS 16_2 like Mac OS X) AppleWebKit/605.1.15 (KHTML, like Gecko) Mobile/15E148 Safari",https://www.google.com/search?q=fastapi,sessionid=abc123; logged_in=true,application/json
192.168.0.165,1752587431.7487004,POST,/admin/logs/errors,Mozilla/5.0 (X11; Ubuntu; Linux x86_64; rv:118.0) Gecko/20100101 Firefox/118.0,https://shopping.example.com/deals,"cart=1,2,3; viewed=5,7,10",text/html
192.168.0.80,1752587433.469749,POST,/api/v1/cart/items/remove,Mozilla/5.0 (X11; Ubuntu; Linux x86_64; rv:118.0) Gecko/20100101 Firefox/118.0,https://blog.tistory.com/entry/fastapi-intro,"cart=1,2,3; viewed=5,7,10","application/json, text/plain, */*"
192.168.0.25,1752587434.3936968,POST,/api/v2/notification/mark-read,"Mozilla/5.0 (Windows NT 10.0; Win64; x64) AppleWebKit/537.36 (KHTML, like Gecko) Chrome/118.0.5993.90 Safari/537.36 Edg/118.0.2088.76",https://partner.site.com/ref?id=xyz,ga=GA1.2.123456789.1700000000; _gid=GA1.2.987654321.1700000001,"application/json, text/plain, */*"
192.168.0.136,1752587435.4237907,GET,/search?q=fastapi&page=2,"Mozilla/5.0 (iPhone; CPU iPhone OS 16_2 like Mac OS X) AppleWebKit/605.1.15 (KHTML, like Gecko) Mobile/15E148 Safari",https://news.ycombinator.com/item?id=123456,uid=42; token=xyz123; cart=3,application/json
192.168.0.113,1752587436.292029,POST,/product/1,"Mozilla/5.0 (Linux; Android 11; SM-G991B) AppleWebKit/537.36 (KHTML, like Gecko) Chrome/119.0.6045.134 Mobile Safari/537.36",https://www.google.com/search?q=fastapi,"cart=1,2,3; viewed=5,7,10","text/html;q=0.8,application/json;q=0.2"
192.168.0.115,1752587436.7396252,POST,/mypage/orders,"Mozilla/5.0 (Windows NT 10.0; Win64; x64) AppleWebKit/537.36 (KHTML, like Gecko) Chrome/122.0.0.0 Safari/537.36",https://news.ycombinator.com/item?id=123456,uid=42; token=xyz123; cart=3,"application/json, text/plain, */*"
192.168.0.194,1752587439.0294518,POST,/terms,"Mozilla/5.0 (Windows NT 10.0; Win64; x64) AppleWebKit/537.36 (KHTML, like Gecko) Chrome/118.0.5993.90 Safari/537.36 Edg/118.0.2088.76",https://shopping.example.com/deals,sessionid=abc123; logged_in=true,*/*
192.168.0.74,1752587441.4603474,POST,/category/fashion,Mozilla/5.0 (X11; Ubuntu; Linux x86_64; rv:118.0) Gecko/20100101 Firefox/118.0,https://t.co/shortlink,auth_token=eyJhbGciOiJIUzI1NiIs...; exp=1720000000,application/json
192.168.0.52,1752587443.2651484,GET,/admin/settings,"Mozilla/5.0 (Windows NT 10.0; Win64; x64) AppleWebKit/537.36 (KHTML, like Gecko) Chrome/118.0.5993.90 Safari/537.36 Edg/118.0.2088.76",https://www.google.com/search?q=fastapi,uid=42; token=xyz123; cart=3,"text/html,application/xhtml+xml,application/xml;q=0.9,*/*;q=0.8"
192.168.0.181,1752587444.807407,GET,/api/v1/cart/items,"Mozilla/5.0 (iPhone; CPU iPhone OS 16_2 like Mac OS X) AppleWebKit/605.1.15 (KHTML, like Gecko) Mobile/15E148 Safari",https://ad.example.com/?utm_source=naver,sessionid=abc123; logged_in=true,application/json
192.168.0.26,1752587445.635566,GET,/admin/logs/errors,"Mozilla/5.0 (iPhone; CPU iPhone OS 16_2 like Mac OS X) AppleWebKit/605.1.15 (KHTML, like Gecko) Mobile/15E148 Safari",https://ad.example.com/?utm_source=naver,auth_token=eyJhbGciOiJIUzI1NiIs...; exp=1720000000,application/json
192.168.0.11,1752587447.124532,GET,/privacy,Mozilla/5.0 (X11; Ubuntu; Linux x86_64; rv:118.0) Gecko/20100101 Firefox/118.0,https://shopping.example.com/deals,auth_token=eyJhbGciOiJIUzI1NiIs...; exp=1720000000,text/plain
192.168.0.61,1752587449.147776,GET,/api/v1/user,Mozilla/5.0 (X11; Ubuntu; Linux x86_64; rv:118.0) Gecko/20100101 Firefox/118.0,https://example.com/product/1,theme=dark; language=ko-KR,application/xml
192.168.0.138,1752587450.503263,GET,/api/v2/notification/mark-read,Mozilla/5.0 (X11; Ubuntu; Linux x86_64; rv:118.0) Gecko/20100101 Firefox/118.0,https://shopping.example.com/deals,uid=42; token=xyz123; cart=3,text/html
192.168.0.80,1752587451.3641398,POST,/mypage/settings,"Mozilla/5.0 (Windows NT 10.0; Win64; x64) AppleWebKit/537.36 (KHTML, like Gecko) Chrome/118.0.5993.90 Safari/537.36 Edg/118.0.2088.76",https://www.facebook.com/share.php?u=https://example.com,experiment=A; ab_group=3; recommendation=true,text/html
192.168.0.37,1752587453.1946418,GET,/privacy,"Mozilla/5.0 (Linux; Android 11; SM-G991B) AppleWebKit/537.36 (KHTML, like Gecko) Chrome/119.0.6045.134 Mobile Safari/537.36",https://news.ycombinator.com/item?id=123456,theme=dark; language=ko-KR,application/xhtml+xml
192.168.0.13,1752587455.5180042,POST,/home,"Mozilla/5.0 (iPhone; CPU iPhone OS 16_2 like Mac OS X) AppleWebKit/605.1.15 (KHTML, like Gecko) Mobile/15E148 Safari",https://shopping.example.com/deals,uid=42; token=xyz123; cart=3,application/javascript
192.168.0.54,1752587457.3133585,POST,/category/fashion,Mozilla/5.0 (X11; Ubuntu; Linux x86_64; rv:118.0) Gecko/20100101 Firefox/118.0,https://shopping.example.com/deals,experiment=A; ab_group=3; recommendation=true,*/*
192.168.0.61,1752587459.623078,GET,/api/v1/user/42,"Mozilla/5.0 (Windows NT 10.0; Win64; x64) AppleWebKit/537.36 (KHTML, like Gecko) Chrome/122.0.0.0 Safari/537.36",https://partner.site.com/ref?id=xyz,"cart=1,2,3; viewed=5,7,10","application/json;q=0.9,*/*;q=0.8"
192.168.0.97,1752587461.0548744,GET,/search?q=shoes,"Mozilla/5.0 (Windows NT 10.0; Win64; x64) AppleWebKit/537.36 (KHTML, like Gecko) Chrome/122.0.0.0 Safari/537.36",https://shopping.example.com/deals,"cart=1,2,3; viewed=5,7,10",application/xml
192.168.0.99,1752587462.14716,GET,/recommend/user/42,Mozilla/5.0 (X11; Ubuntu; Linux x86_64; rv:118.0) Gecko/20100101 Firefox/118.0,https://news.ycombinator.com/item?id=123456,ref=affiliate123; campaign=spring_sale,text/plain
192.168.0.66,1752587464.48095,GET,/search?q=fastapi&page=2,"Mozilla/5.0 (Windows NT 10.0; Win64; x64) AppleWebKit/537.36 (KHTML, like Gecko) Chrome/118.0.5993.90 Safari/537.36 Edg/118.0.2088.76",https://ad.example.com/?utm_source=naver,uid=42; token=xyz123; cart=3,application/xml
192.168.0.193,1752587466.8576858,POST,/api/v1/user,Mozilla/5.0 (X11; Ubuntu; Linux x86_64; rv:118.0) Gecko/20100101 Firefox/118.0,https://search.naver.com/search.naver?query=fastapi,auth_token=eyJhbGciOiJIUzI1NiIs...; exp=1720000000,application/xhtml+xml
192.168.0.199,1752587468.8752692,GET,/api/v1/cart/items,"Mozilla/5.0 (Windows NT 10.0; Win64; x64) AppleWebKit/537.36 (KHTML, like Gecko) Chrome/118.0.5993.90 Safari/537.36 Edg/118.0.2088.76",https://t.co/shortlink,auth_token=eyJhbGciOiJIUzI1NiIs...; exp=1720000000,application/xml
192.168.0.166,1752587470.9343314,GET,/user/profile,"Mozilla/5.0 (Macintosh; Intel Mac OS X 13_5) AppleWebKit/605.1.15 (KHTML, like Gecko) Version/16.0 Safari/605.1.15",https://partner.site.com/ref?id=xyz,ga=GA1.2.123456789.1700000000; _gid=GA1.2.987654321.1700000001,text/plain
192.168.0.100,1752587471.623454,POST,/mypage/wishlist,"Mozilla/5.0 (iPhone; CPU iPhone OS 16_2 like Mac OS X) AppleWebKit/605.1.15 (KHTML, like Gecko) Mobile/15E148 Safari",https://partner.site.com/ref?id=xyz,theme=dark; language=ko-KR,application/json
192.168.0.25,1752587473.040927,POST,/api/v2/notification/mark-read,"Mozilla/5.0 (Linux; Android 11; SM-G991B) AppleWebKit/537.36 (KHTML, like Gecko) Chrome/119.0.6045.134 Mobile Safari/537.36",https://search.naver.com/search.naver?query=fastapi,experiment=A; ab_group=3; recommendation=true,application/xml
192.168.0.70,1752587474.5074034,POST,/product/123,Mozilla/5.0 (X11; Ubuntu; Linux x86_64; rv:118.0) Gecko/20100101 Firefox/118.0,https://search.naver.com/search.naver?query=fastapi,uid=42; token=xyz123; cart=3,application/json
192.168.0.87,1752587474.8227525,GET,/category/electronics,"Mozilla/5.0 (Linux; Android 11; SM-G991B) AppleWebKit/537.36 (KHTML, like Gecko) Chrome/119.0.6045.134 Mobile Safari/537.36",https://www.facebook.com/share.php?u=https://example.com,theme=dark; language=ko-KR,"application/json;q=0.9,*/*;q=0.8"
192.168.0.93,1752587476.4615164,POST,/category/fashion,Mozilla/5.0 (X11; Ubuntu; Linux x86_64; rv:118.0) Gecko/20100101 Firefox/118.0,https://news.ycombinator.com/item?id=123456,theme=dark; language=ko-KR,application/json
192.168.0.109,1752587476.9496508,GET,/search?q=shoes,"Mozilla/5.0 (Windows NT 10.0; Win64; x64) AppleWebKit/537.36 (KHTML, like Gecko) Chrome/122.0.0.0 Safari/537.36",https://shopping.example.com/deals,ga=GA1.2.123456789.1700000000; _gid=GA1.2.987654321.1700000001,text/html
192.168.0.106,1752587478.2669744,GET,/mypage,"Mozilla/5.0 (Macintosh; Intel Mac OS X 13_5) AppleWebKit/605.1.15 (KHTML, like Gecko) Version/16.0 Safari/605.1.15",https://blog.tistory.com/entry/fastapi-intro,ref=affiliate123; campaign=spring_sale,"text/html;q=0.8,application/json;q=0.2"
192.168.0.55,1752587479.689968,POST,/user/profile/edit,"Mozilla/5.0 (Macintosh; Intel Mac OS X 13_5) AppleWebKit/605.1.15 (KHTML, like Gecko) Version/16.0 Safari/605.1.15",https://partner.site.com/ref?id=xyz,ref=affiliate123; campaign=spring_sale,"text/html;q=0.8,application/json;q=0.2"
192.168.0.159,1752587480.9673495,POST,/admin/settings,"Mozilla/5.0 (Linux; Android 11; SM-G991B) AppleWebKit/537.36 (KHTML, like Gecko) Chrome/119.0.6045.134 Mobile Safari/537.36",https://t.co/shortlink,ga=GA1.2.123456789.1700000000; _gid=GA1.2.987654321.1700000001,*/*
192.168.0.93,1752587481.6040685,GET,/mypage,"Mozilla/5.0 (Macintosh; Intel Mac OS X 13_5) AppleWebKit/605.1.15 (KHTML, like Gecko) Version/16.0 Safari/605.1.15",https://t.co/shortlink,theme=dark; language=ko-KR,text/plain
192.168.0.199,1752587483.2170775,POST,/api/ping,"Mozilla/5.0 (Windows NT 10.0; Win64; x64) AppleWebKit/537.36 (KHTML, like Gecko) Chrome/118.0.5993.90 Safari/537.36 Edg/118.0.2088.76",https://news.ycombinator.com/item?id=123456,theme=dark; language=ko-KR,"text/html,application/xhtml+xml,application/xml;q=0.9,*/*;q=0.8"
192.168.0.194,1752587483.7272615,POST,/review/product/1/page/2,"Mozilla/5.0 (Linux; Android 11; SM-G991B) AppleWebKit/537.36 (KHTML, like Gecko) Chrome/119.0.6045.134 Mobile Safari/537.36",https://www.facebook.com/share.php?u=https://example.com,ref=affiliate123; campaign=spring_sale,application/json
192.168.0.109,1752587486.0008154,GET,/category/fashion,"Mozilla/5.0 (Linux; Android 11; SM-G991B) AppleWebKit/537.36 (KHTML, like Gecko) Chrome/119.0.6045.134 Mobile Safari/537.36",https://ad.example.com/?utm_source=naver,uid=42; token=xyz123; cart=3,application/javascript
192.168.0.88,1752587488.1141417,POST,/review/product/15,"Mozilla/5.0 (Macintosh; Intel Mac OS X 13_5) AppleWebKit/605.1.15 (KHTML, like Gecko) Version/16.0 Safari/605.1.15",https://shopping.example.com/deals,"cart=1,2,3; viewed=5,7,10",application/javascript
192.168.0.21,1752587489.378345,GET,/api/v1/user/42/profile,"Mozilla/5.0 (Windows NT 10.0; Win64; x64) AppleWebKit/537.36 (KHTML, like Gecko) Chrome/122.0.0.0 Safari/537.36",https://example.com/product/1,sessionid=abc123; logged_in=true,application/javascript
192.168.0.45,1752587489.8570962,GET,/admin/users,"Mozilla/5.0 (Macintosh; Intel Mac OS X 13_5) AppleWebKit/605.1.15 (KHTML, like Gecko) Version/16.0 Safari/605.1.15",https://t.co/shortlink,ga=GA1.2.123456789.1700000000; _gid=GA1.2.987654321.1700000001,"application/json;q=0.9,*/*;q=0.8"
192.168.0.175,1752587491.8092797,POST,/event/black-friday,"Mozilla/5.0 (Windows NT 10.0; Win64; x64) AppleWebKit/537.36 (KHTML, like Gecko) Chrome/122.0.0.0 Safari/537.36",https://news.ycombinator.com/item?id=123456,"cart=1,2,3; viewed=5,7,10",*/*
192.168.0.142,1752587493.3474674,POST,/mypage/orders/42,"Mozilla/5.0 (iPhone; CPU iPhone OS 16_2 like Mac OS X) AppleWebKit/605.1.15 (KHTML, like Gecko) Mobile/15E148 Safari",https://www.facebook.com/share.php?u=https://example.com,auth_token=eyJhbGciOiJIUzI1NiIs...; exp=1720000000,text/plain
192.168.0.32,1752587494.658468,GET,/search?q=fastapi&page=2,"Mozilla/5.0 (Windows NT 10.0; Win64; x64) AppleWebKit/537.36 (KHTML, like Gecko) Chrome/122.0.0.0 Safari/537.36",https://blog.tistory.com/entry/fastapi-intro,ga=GA1.2.123456789.1700000000; _gid=GA1.2.987654321.1700000001,text/html
192.168.0.35,1752587496.506041,GET,/cart,"Mozilla/5.0 (Windows NT 10.0; Win64; x64) AppleWebKit/537.36 (KHTML, like Gecko) Chrome/122.0.0.0 Safari/537.36",https://news.ycombinator.com/item?id=123456,theme=dark; language=ko-KR,text/html
192.168.0.78,1752587498.2778685,GET,/product/1,"Mozilla/5.0 (iPhone; CPU iPhone OS 16_2 like Mac OS X) AppleWebKit/605.1.15 (KHTML, like Gecko) Mobile/15E148 Safari",https://blog.tistory.com/entry/fastapi-intro,uid=42; token=xyz123; cart=3,text/plain
192.168.0.18,1752587500.2418044,POST,/admin/settings,"Mozilla/5.0 (Macintosh; Intel Mac OS X 13_5) AppleWebKit/605.1.15 (KHTML, like Gecko) Version/16.0 Safari/605.1.15",https://blog.tistory.com/entry/fastapi-intro,ga=GA1.2.123456789.1700000000; _gid=GA1.2.987654321.1700000001,application/xml
192.168.0.105,1752587501.697219,GET,/api/v1/user/42/orders,"Mozilla/5.0 (iPhone; CPU iPhone OS 16_2 like Mac OS X) AppleWebKit/605.1.15 (KHTML, like Gecko) Mobile/15E148 Safari",https://partner.site.com/ref?id=xyz,sessionid=abc123; logged_in=true,"application/json, text/plain, */*"
192.168.0.168,1752587502.6480021,GET,/event/black-friday,Mozilla/5.0 (X11; Ubuntu; Linux x86_64; rv:118.0) Gecko/20100101 Firefox/118.0,https://ad.example.com/?utm_source=naver,"cart=1,2,3; viewed=5,7,10",*/*
192.168.0.55,1752587503.8482785,POST,/signup,"Mozilla/5.0 (Windows NT 10.0; Win64; x64) AppleWebKit/537.36 (KHTML, like Gecko) Chrome/122.0.0.0 Safari/537.36",https://partner.site.com/ref?id=xyz,auth_token=eyJhbGciOiJIUzI1NiIs...; exp=1720000000,application/xhtml+xml
192.168.0.93,1752587505.5187035,GET,/mypage/settings,"Mozilla/5.0 (Windows NT 10.0; Win64; x64) AppleWebKit/537.36 (KHTML, like Gecko) Chrome/122.0.0.0 Safari/537.36",https://example.com/product/1,ga=GA1.2.123456789.1700000000; _gid=GA1.2.987654321.1700000001,application/javascript
192.168.0.92,1752587506.1270394,GET,/mypage/orders/42,"Mozilla/5.0 (Windows NT 10.0; Win64; x64) AppleWebKit/537.36 (KHTML, like Gecko) Chrome/118.0.5993.90 Safari/537.36 Edg/118.0.2088.76",https://search.naver.com/search.naver?query=fastapi,experiment=A; ab_group=3; recommendation=true,"application/json, text/plain, */*"
192.168.0.133,1752587508.3376248,GET,/search?q=shoes,"Mozilla/5.0 (Macintosh; Intel Mac OS X 13_5) AppleWebKit/605.1.15 (KHTML, like Gecko) Version/16.0 Safari/605.1.15",https://ad.example.com/?utm_source=naver,"cart=1,2,3; viewed=5,7,10","application/json, text/plain, */*"
192.168.0.100,1752587510.4222856,POST,/user/profile/edit,"Mozilla/5.0 (Windows NT 10.0; Win64; x64) AppleWebKit/537.36 (KHTML, like Gecko) Chrome/122.0.0.0 Safari/537.36",https://blog.tistory.com/entry/fastapi-intro,sessionid=abc123; logged_in=true,"text/html,application/xhtml+xml,application/xml;q=0.9,*/*;q=0.8"
192.168.0.119,1752587512.857942,GET,/api/v1/cart/items/remove,"Mozilla/5.0 (Windows NT 10.0; Win64; x64) AppleWebKit/537.36 (KHTML, like Gecko) Chrome/122.0.0.0 Safari/537.36",https://partner.site.com/ref?id=xyz,theme=dark; language=ko-KR,text/plain
192.168.0.111,1752587513.5923822,POST,/about,"Mozilla/5.0 (Windows NT 10.0; Win64; x64) AppleWebKit/537.36 (KHTML, like Gecko) Chrome/118.0.5993.90 Safari/537.36 Edg/118.0.2088.76",https://ad.example.com/?utm_source=naver,"cart=1,2,3; viewed=5,7,10",text/plain
192.168.0.10,1752587514.646521,GET,/home,"Mozilla/5.0 (Macintosh; Intel Mac OS X 13_5) AppleWebKit/605.1.15 (KHTML, like Gecko) Version/16.0 Safari/605.1.15",https://shopping.example.com/deals,ga=GA1.2.123456789.1700000000; _gid=GA1.2.987654321.1700000001,application/json
192.168.0.111,1752587516.41397,GET,/admin/logs/errors,"Mozilla/5.0 (Linux; Android 11; SM-G991B) AppleWebKit/537.36 (KHTML, like Gecko) Chrome/119.0.6045.134 Mobile Safari/537.36",https://shopping.example.com/deals,"cart=1,2,3; viewed=5,7,10",application/javascript
192.168.0.24,1752587517.2991118,GET,/review/product/1/page/2,Mozilla/5.0 (X11; Ubuntu; Linux x86_64; rv:118.0) Gecko/20100101 Firefox/118.0,https://example.com/product/1,uid=42; token=xyz123; cart=3,text/plain
192.168.0.170,1752587518.4742923,GET,/category/fashion,"Mozilla/5.0 (Windows NT 10.0; Win64; x64) AppleWebKit/537.36 (KHTML, like Gecko) Chrome/118.0.5993.90 Safari/537.36 Edg/118.0.2088.76",https://ad.example.com/?utm_source=naver,auth_token=eyJhbGciOiJIUzI1NiIs...; exp=1720000000,text/html
192.168.0.119,1752587520.4629173,GET,/login,"Mozilla/5.0 (Windows NT 10.0; Win64; x64) AppleWebKit/537.36 (KHTML, like Gecko) Chrome/122.0.0.0 Safari/537.36",https://example.com/product/1,"cart=1,2,3; viewed=5,7,10",text/html
192.168.0.60,1752587520.8864083,GET,/mypage/orders,"Mozilla/5.0 (iPhone; CPU iPhone OS 16_2 like Mac OS X) AppleWebKit/605.1.15 (KHTML, like Gecko) Mobile/15E148 Safari",https://search.naver.com/search.naver?query=fastapi,theme=dark; language=ko-KR,application/javascript
192.168.0.187,1752587522.4750857,GET,/api/v1/user/42,"Mozilla/5.0 (Windows NT 10.0; Win64; x64) AppleWebKit/537.36 (KHTML, like Gecko) Chrome/122.0.0.0 Safari/537.36",https://www.facebook.com/share.php?u=https://example.com,ref=affiliate123; campaign=spring_sale,text/html
192.168.0.68,1752587524.0534246,POST,/about,"Mozilla/5.0 (Windows NT 10.0; Win64; x64) AppleWebKit/537.36 (KHTML, like Gecko) Chrome/122.0.0.0 Safari/537.36",https://blog.tistory.com/entry/fastapi-intro,sessionid=abc123; logged_in=true,"application/json, text/plain, */*"
192.168.0.115,1752587525.4200287,GET,/api/v1/user/42/orders,"Mozilla/5.0 (Windows NT 10.0; Win64; x64) AppleWebKit/537.36 (KHTML, like Gecko) Chrome/118.0.5993.90 Safari/537.36 Edg/118.0.2088.76",https://news.ycombinator.com/item?id=123456,"cart=1,2,3; viewed=5,7,10","text/html,application/xhtml+xml,application/xml;q=0.9,*/*;q=0.8"
192.168.0.148,1752587526.9657526,POST,/user/profile,Mozilla/5.0 (X11; Ubuntu; Linux x86_64; rv:118.0) Gecko/20100101 Firefox/118.0,https://www.google.com/search?q=fastapi,theme=dark; language=ko-KR,"text/html,application/xhtml+xml,application/xml;q=0.9,*/*;q=0.8"
192.168.0.127,1752587528.2643623,GET,/api/v1/user/42/profile,"Mozilla/5.0 (Windows NT 10.0; Win64; x64) AppleWebKit/537.36 (KHTML, like Gecko) Chrome/118.0.5993.90 Safari/537.36 Edg/118.0.2088.76",https://news.ycombinator.com/item?id=123456,ga=GA1.2.123456789.1700000000; _gid=GA1.2.987654321.1700000001,application/javascript
192.168.0.144,1752587529.5803661,GET,/mypage/orders/42,"Mozilla/5.0 (Windows NT 10.0; Win64; x64) AppleWebKit/537.36 (KHTML, like Gecko) Chrome/118.0.5993.90 Safari/537.36 Edg/118.0.2088.76",https://search.naver.com/search.naver?query=fastapi,ga=GA1.2.123456789.1700000000; _gid=GA1.2.987654321.1700000001,"text/html,application/xhtml+xml,application/xml;q=0.9,*/*;q=0.8"
192.168.0.178,1752587530.6635303,GET,/signup,"Mozilla/5.0 (Windows NT 10.0; Win64; x64) AppleWebKit/537.36 (KHTML, like Gecko) Chrome/118.0.5993.90 Safari/537.36 Edg/118.0.2088.76",https://partner.site.com/ref?id=xyz,"cart=1,2,3; viewed=5,7,10",application/xml
192.168.0.32,1752587531.139862,POST,/admin/settings,"Mozilla/5.0 (Windows NT 10.0; Win64; x64) AppleWebKit/537.36 (KHTML, like Gecko) Chrome/118.0.5993.90 Safari/537.36 Edg/118.0.2088.76",https://search.naver.com/search.naver?query=fastapi,ref=affiliate123; campaign=spring_sale,application/xml
192.168.0.91,1752587531.8786662,GET,/admin/users/123,"Mozilla/5.0 (Macintosh; Intel Mac OS X 13_5) AppleWebKit/605.1.15 (KHTML, like Gecko) Version/16.0 Safari/605.1.15",https://search.naver.com/search.naver?query=fastapi,sessionid=abc123; logged_in=true,"application/json;q=0.9,*/*;q=0.8"
192.168.0.53,1752587533.7503328,GET,/api/v1/cart/items/remove,"Mozilla/5.0 (Linux; Android 11; SM-G991B) AppleWebKit/537.36 (KHTML, like Gecko) Chrome/119.0.6045.134 Mobile Safari/537.36",https://ad.example.com/?utm_source=naver,auth_token=eyJhbGciOiJIUzI1NiIs...; exp=1720000000,application/json
192.168.0.17,1752587536.1211967,GET,/review/product/1/page/2,"Mozilla/5.0 (Windows NT 10.0; Win64; x64) AppleWebKit/537.36 (KHTML, like Gecko) Chrome/118.0.5993.90 Safari/537.36 Edg/118.0.2088.76",https://t.co/shortlink,uid=42; token=xyz123; cart=3,application/json
192.168.0.138,1752587537.5115469,POST,/checkout/complete,"Mozilla/5.0 (iPhone; CPU iPhone OS 16_2 like Mac OS X) AppleWebKit/605.1.15 (KHTML, like Gecko) Mobile/15E148 Safari",https://ad.example.com/?utm_source=naver,uid=42; token=xyz123; cart=3,application/xml
192.168.0.48,1752587538.4745488,POST,/cart/checkout,"Mozilla/5.0 (Windows NT 10.0; Win64; x64) AppleWebKit/537.36 (KHTML, like Gecko) Chrome/122.0.0.0 Safari/537.36",https://t.co/shortlink,sessionid=abc123; logged_in=true,"text/html;q=0.8,application/json;q=0.2"
192.168.0.107,1752587540.3082209,POST,/,Mozilla/5.0 (X11; Ubuntu; Linux x86_64; rv:118.0) Gecko/20100101 Firefox/118.0,https://search.naver.com/search.naver?query=fastapi,sessionid=abc123; logged_in=true,"text/html;q=0.8,application/json;q=0.2"
192.168.0.155,1752587541.536739,GET,/mypage/settings,"Mozilla/5.0 (Macintosh; Intel Mac OS X 13_5) AppleWebKit/605.1.15 (KHTML, like Gecko) Version/16.0 Safari/605.1.15",https://news.ycombinator.com/item?id=123456,ga=GA1.2.123456789.1700000000; _gid=GA1.2.987654321.1700000001,application/xhtml+xml
192.168.0.59,1752587543.836651,GET,/user/profile/edit,"Mozilla/5.0 (iPhone; CPU iPhone OS 16_2 like Mac OS X) AppleWebKit/605.1.15 (KHTML, like Gecko) Mobile/15E148 Safari",https://search.naver.com/search.naver?query=fastapi,theme=dark; language=ko-KR,application/xhtml+xml
192.168.0.54,1752587544.1910365,POST,/api/v1/user/42/orders,"Mozilla/5.0 (Windows NT 10.0; Win64; x64) AppleWebKit/537.36 (KHTML, like Gecko) Chrome/118.0.5993.90 Safari/537.36 Edg/118.0.2088.76",https://www.facebook.com/share.php?u=https://example.com,auth_token=eyJhbGciOiJIUzI1NiIs...; exp=1720000000,*/*
192.168.0.8,1752587546.6415172,POST,/user/profile,"Mozilla/5.0 (iPhone; CPU iPhone OS 16_2 like Mac OS X) AppleWebKit/605.1.15 (KHTML, like Gecko) Mobile/15E148 Safari",https://www.google.com/search?q=fastapi,ga=GA1.2.123456789.1700000000; _gid=GA1.2.987654321.1700000001,application/json
192.168.0.154,1752587549.021153,GET,/cart/checkout,"Mozilla/5.0 (Linux; Android 11; SM-G991B) AppleWebKit/537.36 (KHTML, like Gecko) Chrome/119.0.6045.134 Mobile Safari/537.36",https://search.naver.com/search.naver?query=fastapi,sessionid=abc123; logged_in=true,"text/html;q=0.8,application/json;q=0.2"
192.168.0.182,1752587551.469034,GET,/admin/settings,"Mozilla/5.0 (iPhone; CPU iPhone OS 16_2 like Mac OS X) AppleWebKit/605.1.15 (KHTML, like Gecko) Mobile/15E148 Safari",https://partner.site.com/ref?id=xyz,ga=GA1.2.123456789.1700000000; _gid=GA1.2.987654321.1700000001,application/xml
192.168.0.55,1752587551.7912867,POST,/user/profile/edit,"Mozilla/5.0 (Windows NT 10.0; Win64; x64) AppleWebKit/537.36 (KHTML, like Gecko) Chrome/118.0.5993.90 Safari/537.36 Edg/118.0.2088.76",https://example.com/product/1,ref=affiliate123; campaign=spring_sale,text/html
192.168.0.46,1752587553.952821,GET,/mypage/orders,Mozilla/5.0 (X11; Ubuntu; Linux x86_64; rv:118.0) Gecko/20100101 Firefox/118.0,https://news.ycombinator.com/item?id=123456,ref=affiliate123; campaign=spring_sale,text/html
192.168.0.73,1752587555.3489175,POST,/,"Mozilla/5.0 (Windows NT 10.0; Win64; x64) AppleWebKit/537.36 (KHTML, like Gecko) Chrome/122.0.0.0 Safari/537.36",https://blog.tistory.com/entry/fastapi-intro,theme=dark; language=ko-KR,application/xml
192.168.0.47,1752587555.8203285,POST,/home,"Mozilla/5.0 (Windows NT 10.0; Win64; x64) AppleWebKit/537.36 (KHTML, like Gecko) Chrome/122.0.0.0 Safari/537.36",https://news.ycombinator.com/item?id=123456,sessionid=abc123; logged_in=true,application/xhtml+xml
192.168.0.189,1752587557.7146823,POST,/privacy,"Mozilla/5.0 (iPhone; CPU iPhone OS 16_2 like Mac OS X) AppleWebKit/605.1.15 (KHTML, like Gecko) Mobile/15E148 Safari",https://blog.tistory.com/entry/fastapi-intro,"cart=1,2,3; viewed=5,7,10",text/plain
192.168.0.4,1752587559.347278,GET,/,Mozilla/5.0 (X11; Ubuntu; Linux x86_64; rv:118.0) Gecko/20100101 Firefox/118.0,https://t.co/shortlink,theme=dark; language=ko-KR,application/json
192.168.0.97,1752587560.3356555,POST,/api/v2/notification/mark-read,"Mozilla/5.0 (Macintosh; Intel Mac OS X 13_5) AppleWebKit/605.1.15 (KHTML, like Gecko) Version/16.0 Safari/605.1.15",https://ad.example.com/?utm_source=naver,"cart=1,2,3; viewed=5,7,10",application/javascript
192.168.0.61,1752587560.6467607,POST,/admin/logs/errors,"Mozilla/5.0 (Macintosh; Intel Mac OS X 13_5) AppleWebKit/605.1.15 (KHTML, like Gecko) Version/16.0 Safari/605.1.15",https://news.ycombinator.com/item?id=123456,ga=GA1.2.123456789.1700000000; _gid=GA1.2.987654321.1700000001,"application/json;q=0.9,*/*;q=0.8"
192.168.0.82,1752587562.343843,POST,/event/black-friday,Mozilla/5.0 (X11; Ubuntu; Linux x86_64; rv:118.0) Gecko/20100101 Firefox/118.0,https://www.facebook.com/share.php?u=https://example.com,sessionid=abc123; logged_in=true,text/plain
192.168.0.157,1752587563.653822,POST,/user/profile,"Mozilla/5.0 (Windows NT 10.0; Win64; x64) AppleWebKit/537.36 (KHTML, like Gecko) Chrome/122.0.0.0 Safari/537.36",https://www.facebook.com/share.php?u=https://example.com,uid=42; token=xyz123; cart=3,"application/json, text/plain, */*"
192.168.0.125,1752587564.5040905,POST,/logout,"Mozilla/5.0 (Macintosh; Intel Mac OS X 13_5) AppleWebKit/605.1.15 (KHTML, like Gecko) Version/16.0 Safari/605.1.15",https://ad.example.com/?utm_source=naver,ref=affiliate123; campaign=spring_sale,application/json
192.168.0.196,1752587566.6579726,GET,/terms,"Mozilla/5.0 (Windows NT 10.0; Win64; x64) AppleWebKit/537.36 (KHTML, like Gecko) Chrome/122.0.0.0 Safari/537.36",https://search.naver.com/search.naver?query=fastapi,ref=affiliate123; campaign=spring_sale,text/html
192.168.0.108,1752587568.994533,POST,/about,"Mozilla/5.0 (Windows NT 10.0; Win64; x64) AppleWebKit/537.36 (KHTML, like Gecko) Chrome/122.0.0.0 Safari/537.36",https://partner.site.com/ref?id=xyz,uid=42; token=xyz123; cart=3,text/html
192.168.0.81,1752587570.4505126,GET,/api/ping,Mozilla/5.0 (X11; Ubuntu; Linux x86_64; rv:118.0) Gecko/20100101 Firefox/118.0,https://shopping.example.com/deals,"cart=1,2,3; viewed=5,7,10",application/javascript
192.168.0.60,1752587571.6149082,POST,/review/product/15,Mozilla/5.0 (X11; Ubuntu; Linux x86_64; rv:118.0) Gecko/20100101 Firefox/118.0,https://www.facebook.com/share.php?u=https://example.com,auth_token=eyJhbGciOiJIUzI1NiIs...; exp=1720000000,"text/html,application/xhtml+xml,application/xml;q=0.9,*/*;q=0.8"
192.168.0.107,1752587572.5398126,POST,/admin/users,"Mozilla/5.0 (Linux; Android 11; SM-G991B) AppleWebKit/537.36 (KHTML, like Gecko) Chrome/119.0.6045.134 Mobile Safari/537.36",https://ad.example.com/?utm_source=naver,sessionid=abc123; logged_in=true,application/javascript
192.168.0.100,1752587574.888654,POST,/user/profile,Mozilla/5.0 (X11; Ubuntu; Linux x86_64; rv:118.0) Gecko/20100101 Firefox/118.0,https://example.com/product/1,auth_token=eyJhbGciOiJIUzI1NiIs...; exp=1720000000,text/plain
192.168.0.134,1752587575.8070452,POST,/recommend/products,"Mozilla/5.0 (iPhone; CPU iPhone OS 16_2 like Mac OS X) AppleWebKit/605.1.15 (KHTML, like Gecko) Mobile/15E148 Safari",https://example.com/product/1,theme=dark; language=ko-KR,"application/json;q=0.9,*/*;q=0.8"
192.168.0.47,1752587577.9164717,POST,/,"Mozilla/5.0 (Macintosh; Intel Mac OS X 13_5) AppleWebKit/605.1.15 (KHTML, like Gecko) Version/16.0 Safari/605.1.15",https://t.co/shortlink,experiment=A; ab_group=3; recommendation=true,"application/json;q=0.9,*/*;q=0.8"
192.168.0.176,1752587579.690995,GET,/search?q=fastapi&page=2,Mozilla/5.0 (X11; Ubuntu; Linux x86_64; rv:118.0) Gecko/20100101 Firefox/118.0,https://www.google.com/search?q=fastapi,experiment=A; ab_group=3; recommendation=true,"application/json;q=0.9,*/*;q=0.8"
192.168.0.31,1752587582.0359979,GET,/admin/settings,"Mozilla/5.0 (Linux; Android 11; SM-G991B) AppleWebKit/537.36 (KHTML, like Gecko) Chrome/119.0.6045.134 Mobile Safari/537.36",https://partner.site.com/ref?id=xyz,"cart=1,2,3; viewed=5,7,10",application/xhtml+xml
192.168.0.71,1752587583.3990211,GET,/api/v1/order/88/confirm,"Mozilla/5.0 (Windows NT 10.0; Win64; x64) AppleWebKit/537.36 (KHTML, like Gecko) Chrome/118.0.5993.90 Safari/537.36 Edg/118.0.2088.76",https://search.naver.com/search.naver?query=fastapi,"cart=1,2,3; viewed=5,7,10",application/xhtml+xml
192.168.0.118,1752587584.7806666,GET,/event/black-friday,Mozilla/5.0 (X11; Ubuntu; Linux x86_64; rv:118.0) Gecko/20100101 Firefox/118.0,https://news.ycombinator.com/item?id=123456,"cart=1,2,3; viewed=5,7,10","application/json, text/plain, */*"
192.168.0.65,1752587585.4362013,GET,/review/product/1/page/2,"Mozilla/5.0 (iPhone; CPU iPhone OS 16_2 like Mac OS X) AppleWebKit/605.1.15 (KHTML, like Gecko) Mobile/15E148 Safari",https://example.com/product/1,auth_token=eyJhbGciOiJIUzI1NiIs...; exp=1720000000,application/xml
192.168.0.159,1752587586.8910716,GET,/mypage/orders/42,"Mozilla/5.0 (Windows NT 10.0; Win64; x64) AppleWebKit/537.36 (KHTML, like Gecko) Chrome/118.0.5993.90 Safari/537.36 Edg/118.0.2088.76",https://search.naver.com/search.naver?query=fastapi,ref=affiliate123; campaign=spring_sale,text/plain
192.168.0.152,1752587587.8387396,POST,/api/v1/user,Mozilla/5.0 (X11; Ubuntu; Linux x86_64; rv:118.0) Gecko/20100101 Firefox/118.0,https://ad.example.com/?utm_source=naver,uid=42; token=xyz123; cart=3,application/json
192.168.0.49,1752587589.03318,POST,/review/product/1/page/2,Mozilla/5.0 (X11; Ubuntu; Linux x86_64; rv:118.0) Gecko/20100101 Firefox/118.0,https://news.ycombinator.com/item?id=123456,experiment=A; ab_group=3; recommendation=true,application/xhtml+xml
192.168.0.49,1752587591.378911,POST,/checkout/complete,"Mozilla/5.0 (Macintosh; Intel Mac OS X 13_5) AppleWebKit/605.1.15 (KHTML, like Gecko) Version/16.0 Safari/605.1.15",https://t.co/shortlink,experiment=A; ab_group=3; recommendation=true,"application/json;q=0.9,*/*;q=0.8"
192.168.0.4,1752587592.9077554,POST,/login,"Mozilla/5.0 (Windows NT 10.0; Win64; x64) AppleWebKit/537.36 (KHTML, like Gecko) Chrome/118.0.5993.90 Safari/537.36 Edg/118.0.2088.76",https://example.com/product/1,"cart=1,2,3; viewed=5,7,10",application/javascript
192.168.0.24,1752587593.7253027,GET,/about,"Mozilla/5.0 (Windows NT 10.0; Win64; x64) AppleWebKit/537.36 (KHTML, like Gecko) Chrome/122.0.0.0 Safari/537.36",https://shopping.example.com/deals,auth_token=eyJhbGciOiJIUzI1NiIs...; exp=1720000000,*/*
192.168.0.186,1752587594.3757668,GET,/cart/checkout,"Mozilla/5.0 (Windows NT 10.0; Win64; x64) AppleWebKit/537.36 (KHTML, like Gecko) Chrome/122.0.0.0 Safari/537.36",https://www.google.com/search?q=fastapi,ref=affiliate123; campaign=spring_sale,"application/json, text/plain, */*"
192.168.0.121,1752587595.3835661,POST,/checkout/complete,"Mozilla/5.0 (Linux; Android 11; SM-G991B) AppleWebKit/537.36 (KHTML, like Gecko) Chrome/119.0.6045.134 Mobile Safari/537.36",https://ad.example.com/?utm_source=naver,"cart=1,2,3; viewed=5,7,10",text/plain
192.168.0.1,1752587597.2836761,POST,/event/black-friday,"Mozilla/5.0 (Windows NT 10.0; Win64; x64) AppleWebKit/537.36 (KHTML, like Gecko) Chrome/122.0.0.0 Safari/537.36",https://example.com/product/1,ga=GA1.2.123456789.1700000000; _gid=GA1.2.987654321.1700000001,application/json
192.168.0.134,1752587597.9026964,POST,/api/v1/order/88/confirm,Mozilla/5.0 (X11; Ubuntu; Linux x86_64; rv:118.0) Gecko/20100101 Firefox/118.0,https://news.ycombinator.com/item?id=123456,sessionid=abc123; logged_in=true,text/html
192.168.0.10,1752587598.8281686,POST,/cart,"Mozilla/5.0 (Windows NT 10.0; Win64; x64) AppleWebKit/537.36 (KHTML, like Gecko) Chrome/118.0.5993.90 Safari/537.36 Edg/118.0.2088.76",https://ad.example.com/?utm_source=naver,experiment=A; ab_group=3; recommendation=true,"application/json;q=0.9,*/*;q=0.8"
192.168.0.97,1752587599.9006777,GET,/privacy,"Mozilla/5.0 (Windows NT 10.0; Win64; x64) AppleWebKit/537.36 (KHTML, like Gecko) Chrome/118.0.5993.90 Safari/537.36 Edg/118.0.2088.76",https://example.com/product/1,theme=dark; language=ko-KR,"text/html;q=0.8,application/json;q=0.2"
192.168.0.74,1752587601.2090852,POST,/terms,"Mozilla/5.0 (Windows NT 10.0; Win64; x64) AppleWebKit/537.36 (KHTML, like Gecko) Chrome/118.0.5993.90 Safari/537.36 Edg/118.0.2088.76",https://example.com/product/1,sessionid=abc123; logged_in=true,"application/json, text/plain, */*"
192.168.0.107,1752587601.6957664,POST,/api/v1/cart/items/remove,"Mozilla/5.0 (Windows NT 10.0; Win64; x64) AppleWebKit/537.36 (KHTML, like Gecko) Chrome/122.0.0.0 Safari/537.36",https://news.ycombinator.com/item?id=123456,"cart=1,2,3; viewed=5,7,10","text/html,application/xhtml+xml,application/xml;q=0.9,*/*;q=0.8"
192.168.0.174,1752587603.3402345,GET,/admin/settings,Mozilla/5.0 (X11; Ubuntu; Linux x86_64; rv:118.0) Gecko/20100101 Firefox/118.0,https://partner.site.com/ref?id=xyz,ga=GA1.2.123456789.1700000000; _gid=GA1.2.987654321.1700000001,"application/json, text/plain, */*"
192.168.0.85,1752587604.7577012,POST,/mypage/orders,"Mozilla/5.0 (Windows NT 10.0; Win64; x64) AppleWebKit/537.36 (KHTML, like Gecko) Chrome/122.0.0.0 Safari/537.36",https://t.co/shortlink,sessionid=abc123; logged_in=true,*/*
192.168.0.81,1752587607.0413735,POST,/about,"Mozilla/5.0 (Linux; Android 11; SM-G991B) AppleWebKit/537.36 (KHTML, like Gecko) Chrome/119.0.6045.134 Mobile Safari/537.36",https://www.google.com/search?q=fastapi,"cart=1,2,3; viewed=5,7,10","application/json;q=0.9,*/*;q=0.8"
192.168.0.80,1752587609.1913726,POST,/api/v1/cart/items/remove,"Mozilla/5.0 (Linux; Android 11; SM-G991B) AppleWebKit/537.36 (KHTML, like Gecko) Chrome/119.0.6045.134 Mobile Safari/537.36",https://www.google.com/search?q=fastapi,sessionid=abc123; logged_in=true,text/html
192.168.0.10,1752587610.80662,POST,/home,"Mozilla/5.0 (Macintosh; Intel Mac OS X 13_5) AppleWebKit/605.1.15 (KHTML, like Gecko) Version/16.0 Safari/605.1.15",https://search.naver.com/search.naver?query=fastapi,experiment=A; ab_group=3; recommendation=true,application/xml
192.168.0.151,1752587612.776362,POST,/review/product/15,"Mozilla/5.0 (Windows NT 10.0; Win64; x64) AppleWebKit/537.36 (KHTML, like Gecko) Chrome/122.0.0.0 Safari/537.36",https://blog.tistory.com/entry/fastapi-intro,experiment=A; ab_group=3; recommendation=true,*/*
192.168.0.101,1752587613.3872223,GET,/api/v1/user/42/orders,"Mozilla/5.0 (Windows NT 10.0; Win64; x64) AppleWebKit/537.36 (KHTML, like Gecko) Chrome/118.0.5993.90 Safari/537.36 Edg/118.0.2088.76",https://blog.tistory.com/entry/fastapi-intro,ga=GA1.2.123456789.1700000000; _gid=GA1.2.987654321.1700000001,application/xhtml+xml
192.168.0.186,1752587614.8159134,GET,/api/v1/cart/items/remove,"Mozilla/5.0 (Linux; Android 11; SM-G991B) AppleWebKit/537.36 (KHTML, like Gecko) Chrome/119.0.6045.134 Mobile Safari/537.36",https://blog.tistory.com/entry/fastapi-intro,uid=42; token=xyz123; cart=3,application/json
192.168.0.11,1752587617.2695417,GET,/terms,"Mozilla/5.0 (iPhone; CPU iPhone OS 16_2 like Mac OS X) AppleWebKit/605.1.15 (KHTML, like Gecko) Mobile/15E148 Safari",https://shopping.example.com/deals,auth_token=eyJhbGciOiJIUzI1NiIs...; exp=1720000000,text/html
192.168.0.131,1752587619.5377443,POST,/search?q=fastapi&page=2,"Mozilla/5.0 (iPhone; CPU iPhone OS 16_2 like Mac OS X) AppleWebKit/605.1.15 (KHTML, like Gecko) Mobile/15E148 Safari",https://news.ycombinator.com/item?id=123456,experiment=A; ab_group=3; recommendation=true,"text/html,application/xhtml+xml,application/xml;q=0.9,*/*;q=0.8"
192.168.0.3,1752587620.2575388,POST,/home,Mozilla/5.0 (X11; Ubuntu; Linux x86_64; rv:118.0) Gecko/20100101 Firefox/118.0,https://partner.site.com/ref?id=xyz,auth_token=eyJhbGciOiJIUzI1NiIs...; exp=1720000000,application/xml
192.168.0.164,1752587621.7015429,GET,/admin/users/123,Mozilla/5.0 (X11; Ubuntu; Linux x86_64; rv:118.0) Gecko/20100101 Firefox/118.0,https://www.google.com/search?q=fastapi,sessionid=abc123; logged_in=true,text/html
192.168.0.14,1752587624.036073,GET,/cart,"Mozilla/5.0 (Windows NT 10.0; Win64; x64) AppleWebKit/537.36 (KHTML, like Gecko) Chrome/118.0.5993.90 Safari/537.36 Edg/118.0.2088.76",https://ad.example.com/?utm_source=naver,"cart=1,2,3; viewed=5,7,10","text/html,application/xhtml+xml,application/xml;q=0.9,*/*;q=0.8"
192.168.0.140,1752587626.1085424,GET,/mypage,"Mozilla/5.0 (Windows NT 10.0; Win64; x64) AppleWebKit/537.36 (KHTML, like Gecko) Chrome/118.0.5993.90 Safari/537.36 Edg/118.0.2088.76",https://shopping.example.com/deals,experiment=A; ab_group=3; recommendation=true,application/json
192.168.0.10,1752587628.0650036,GET,/mypage/settings,"Mozilla/5.0 (iPhone; CPU iPhone OS 16_2 like Mac OS X) AppleWebKit/605.1.15 (KHTML, like Gecko) Mobile/15E148 Safari",https://example.com/product/1,experiment=A; ab_group=3; recommendation=true,"application/json;q=0.9,*/*;q=0.8"
192.168.0.134,1752587630.1113758,POST,/signup,Mozilla/5.0 (X11; Ubuntu; Linux x86_64; rv:118.0) Gecko/20100101 Firefox/118.0,https://example.com/product/1,theme=dark; language=ko-KR,"application/json;q=0.9,*/*;q=0.8"
192.168.0.149,1752587631.104885,POST,/user/profile/edit,"Mozilla/5.0 (Linux; Android 11; SM-G991B) AppleWebKit/537.36 (KHTML, like Gecko) Chrome/119.0.6045.134 Mobile Safari/537.36",https://news.ycombinator.com/item?id=123456,theme=dark; language=ko-KR,application/json
192.168.0.35,1752587633.4572713,GET,/user/profile,Mozilla/5.0 (X11; Ubuntu; Linux x86_64; rv:118.0) Gecko/20100101 Firefox/118.0,https://ad.example.com/?utm_source=naver,uid=42; token=xyz123; cart=3,application/javascript
192.168.0.90,1752587634.4943478,POST,/category/fashion,Mozilla/5.0 (X11; Ubuntu; Linux x86_64; rv:118.0) Gecko/20100101 Firefox/118.0,https://shopping.example.com/deals,auth_token=eyJhbGciOiJIUzI1NiIs...; exp=1720000000,application/json
192.168.0.63,1752587636.0223856,GET,/review/product/1/page/2,"Mozilla/5.0 (Macintosh; Intel Mac OS X 13_5) AppleWebKit/605.1.15 (KHTML, like Gecko) Version/16.0 Safari/605.1.15",https://example.com/product/1,auth_token=eyJhbGciOiJIUzI1NiIs...; exp=1720000000,"text/html,application/xhtml+xml,application/xml;q=0.9,*/*;q=0.8"
192.168.0.186,1752587638.2289374,POST,/,Mozilla/5.0 (X11; Ubuntu; Linux x86_64; rv:118.0) Gecko/20100101 Firefox/118.0,https://ad.example.com/?utm_source=naver,uid=42; token=xyz123; cart=3,"text/html,application/xhtml+xml,application/xml;q=0.9,*/*;q=0.8"
192.168.0.94,1752587640.0876296,POST,/review/product/15,"Mozilla/5.0 (Linux; Android 11; SM-G991B) AppleWebKit/537.36 (KHTML, like Gecko) Chrome/119.0.6045.134 Mobile Safari/537.36",https://ad.example.com/?utm_source=naver,ref=affiliate123; campaign=spring_sale,application/xhtml+xml
192.168.0.45,1752587641.9594684,GET,/review/product/1/page/2,"Mozilla/5.0 (Macintosh; Intel Mac OS X 13_5) AppleWebKit/605.1.15 (KHTML, like Gecko) Version/16.0 Safari/605.1.15",https://news.ycombinator.com/item?id=123456,auth_token=eyJhbGciOiJIUzI1NiIs...; exp=1720000000,application/javascript
192.168.0.180,1752587643.2196229,GET,/,Mozilla/5.0 (X11; Ubuntu; Linux x86_64; rv:118.0) Gecko/20100101 Firefox/118.0,https://ad.example.com/?utm_source=naver,ga=GA1.2.123456789.1700000000; _gid=GA1.2.987654321.1700000001,"application/json, text/plain, */*"
192.168.0.29,1752587645.5988693,POST,/category/electronics,"Mozilla/5.0 (Macintosh; Intel Mac OS X 13_5) AppleWebKit/605.1.15 (KHTML, like Gecko) Version/16.0 Safari/605.1.15",https://example.com/product/1,ref=affiliate123; campaign=spring_sale,"text/html;q=0.8,application/json;q=0.2"
192.168.0.102,1752587646.6327014,POST,/logout,"Mozilla/5.0 (iPhone; CPU iPhone OS 16_2 like Mac OS X) AppleWebKit/605.1.15 (KHTML, like Gecko) Mobile/15E148 Safari",https://ad.example.com/?utm_source=naver,ga=GA1.2.123456789.1700000000; _gid=GA1.2.987654321.1700000001,text/html
192.168.0.100,1752587648.89952,GET,/search?q=fastapi&page=2,Mozilla/5.0 (X11; Ubuntu; Linux x86_64; rv:118.0) Gecko/20100101 Firefox/118.0,https://www.google.com/search?q=fastapi,ga=GA1.2.123456789.1700000000; _gid=GA1.2.987654321.1700000001,application/xhtml+xml
192.168.0.163,1752587651.150629,POST,/api/v2/notification/mark-read,"Mozilla/5.0 (Linux; Android 11; SM-G991B) AppleWebKit/537.36 (KHTML, like Gecko) Chrome/119.0.6045.134 Mobile Safari/537.36",https://www.google.com/search?q=fastapi,auth_token=eyJhbGciOiJIUzI1NiIs...; exp=1720000000,application/javascript
192.168.0.41,1752587652.5024798,POST,/recommend/products,"Mozilla/5.0 (Linux; Android 11; SM-G991B) AppleWebKit/537.36 (KHTML, like Gecko) Chrome/119.0.6045.134 Mobile Safari/537.36",https://blog.tistory.com/entry/fastapi-intro,"cart=1,2,3; viewed=5,7,10",application/javascript
192.168.0.143,1752587654.7691746,GET,/login,"Mozilla/5.0 (Windows NT 10.0; Win64; x64) AppleWebKit/537.36 (KHTML, like Gecko) Chrome/118.0.5993.90 Safari/537.36 Edg/118.0.2088.76",https://search.naver.com/search.naver?query=fastapi,ref=affiliate123; campaign=spring_sale,"text/html;q=0.8,application/json;q=0.2"
192.168.0.108,1752587655.435176,POST,/api/v1/user/42/profile,"Mozilla/5.0 (Macintosh; Intel Mac OS X 13_5) AppleWebKit/605.1.15 (KHTML, like Gecko) Version/16.0 Safari/605.1.15",https://ad.example.com/?utm_source=naver,experiment=A; ab_group=3; recommendation=true,"text/html;q=0.8,application/json;q=0.2"
192.168.0.112,1752587656.0472538,GET,/admin/logs/errors,"Mozilla/5.0 (Windows NT 10.0; Win64; x64) AppleWebKit/537.36 (KHTML, like Gecko) Chrome/118.0.5993.90 Safari/537.36 Edg/118.0.2088.76",https://blog.tistory.com/entry/fastapi-intro,theme=dark; language=ko-KR,application/xhtml+xml
192.168.0.196,1752587658.3268166,GET,/recommend/user/42,"Mozilla/5.0 (Macintosh; Intel Mac OS X 13_5) AppleWebKit/605.1.15 (KHTML, like Gecko) Version/16.0 Safari/605.1.15",https://blog.tistory.com/entry/fastapi-intro,experiment=A; ab_group=3; recommendation=true,application/xhtml+xml
192.168.0.77,1752587659.5673785,GET,/review/product/15,"Mozilla/5.0 (Windows NT 10.0; Win64; x64) AppleWebKit/537.36 (KHTML, like Gecko) Chrome/118.0.5993.90 Safari/537.36 Edg/118.0.2088.76",https://shopping.example.com/deals,ref=affiliate123; campaign=spring_sale,application/json
192.168.0.89,1752587660.202201,POST,/api/v2/notification/mark-read,Mozilla/5.0 (X11; Ubuntu; Linux x86_64; rv:118.0) Gecko/20100101 Firefox/118.0,https://www.google.com/search?q=fastapi,ga=GA1.2.123456789.1700000000; _gid=GA1.2.987654321.1700000001,application/xml
192.168.0.130,1752587660.9666667,POST,/home,"Mozilla/5.0 (Macintosh; Intel Mac OS X 13_5) AppleWebKit/605.1.15 (KHTML, like Gecko) Version/16.0 Safari/605.1.15",https://www.facebook.com/share.php?u=https://example.com,sessionid=abc123; logged_in=true,"text/html;q=0.8,application/json;q=0.2"
192.168.0.135,1752587661.9648988,POST,/event/summer-sale,"Mozilla/5.0 (iPhone; CPU iPhone OS 16_2 like Mac OS X) AppleWebKit/605.1.15 (KHTML, like Gecko) Mobile/15E148 Safari",https://search.naver.com/search.naver?query=fastapi,"cart=1,2,3; viewed=5,7,10",*/*
192.168.0.105,1752587664.1120179,POST,/search?q=fastapi&page=2,"Mozilla/5.0 (Linux; Android 11; SM-G991B) AppleWebKit/537.36 (KHTML, like Gecko) Chrome/119.0.6045.134 Mobile Safari/537.36",https://www.google.com/search?q=fastapi,ref=affiliate123; campaign=spring_sale,application/javascript
192.168.0.43,1752587666.473369,POST,/contact,"Mozilla/5.0 (Windows NT 10.0; Win64; x64) AppleWebKit/537.36 (KHTML, like Gecko) Chrome/122.0.0.0 Safari/537.36",https://shopping.example.com/deals,ga=GA1.2.123456789.1700000000; _gid=GA1.2.987654321.1700000001,application/xhtml+xml
192.168.0.153,1752587667.1789737,GET,/mypage/orders,"Mozilla/5.0 (Macintosh; Intel Mac OS X 13_5) AppleWebKit/605.1.15 (KHTML, like Gecko) Version/16.0 Safari/605.1.15",https://t.co/shortlink,"cart=1,2,3; viewed=5,7,10",application/xhtml+xml
192.168.0.121,1752587669.3966117,POST,/mypage,Mozilla/5.0 (X11; Ubuntu; Linux x86_64; rv:118.0) Gecko/20100101 Firefox/118.0,https://search.naver.com/search.naver?query=fastapi,ga=GA1.2.123456789.1700000000; _gid=GA1.2.987654321.1700000001,"application/json, text/plain, */*"
192.168.0.149,1752587669.9226015,GET,/api/v1/user/42/orders,"Mozilla/5.0 (Linux; Android 11; SM-G991B) AppleWebKit/537.36 (KHTML, like Gecko) Chrome/119.0.6045.134 Mobile Safari/537.36",https://blog.tistory.com/entry/fastapi-intro,experiment=A; ab_group=3; recommendation=true,"text/html;q=0.8,application/json;q=0.2"
192.168.0.43,1752587672.326719,GET,/cart/checkout,"Mozilla/5.0 (Linux; Android 11; SM-G991B) AppleWebKit/537.36 (KHTML, like Gecko) Chrome/119.0.6045.134 Mobile Safari/537.36",https://blog.tistory.com/entry/fastapi-intro,experiment=A; ab_group=3; recommendation=true,application/json
192.168.0.118,1752587674.8051329,POST,/api/ping,"Mozilla/5.0 (Windows NT 10.0; Win64; x64) AppleWebKit/537.36 (KHTML, like Gecko) Chrome/122.0.0.0 Safari/537.36",https://news.ycombinator.com/item?id=123456,experiment=A; ab_group=3; recommendation=true,*/*
192.168.0.186,1752587675.611091,POST,/api/v1/product/10/review,"Mozilla/5.0 (iPhone; CPU iPhone OS 16_2 like Mac OS X) AppleWebKit/605.1.15 (KHTML, like Gecko) Mobile/15E148 Safari",https://blog.tistory.com/entry/fastapi-intro,ref=affiliate123; campaign=spring_sale,"text/html,application/xhtml+xml,application/xml;q=0.9,*/*;q=0.8"
192.168.0.94,1752587676.3276198,GET,/user/profile,"Mozilla/5.0 (Macintosh; Intel Mac OS X 13_5) AppleWebKit/605.1.15 (KHTML, like Gecko) Version/16.0 Safari/605.1.15",https://t.co/shortlink,sessionid=abc123; logged_in=true,text/plain
192.168.0.141,1752587677.6633177,GET,/api/v1/user/42/profile,"Mozilla/5.0 (Windows NT 10.0; Win64; x64) AppleWebKit/537.36 (KHTML, like Gecko) Chrome/122.0.0.0 Safari/537.36",https://blog.tistory.com/entry/fastapi-intro,ga=GA1.2.123456789.1700000000; _gid=GA1.2.987654321.1700000001,"application/json;q=0.9,*/*;q=0.8"
192.168.0.9,1752587679.6017444,POST,/cart,"Mozilla/5.0 (Linux; Android 11; SM-G991B) AppleWebKit/537.36 (KHTML, like Gecko) Chrome/119.0.6045.134 Mobile Safari/537.36",https://t.co/shortlink,sessionid=abc123; logged_in=true,"application/json;q=0.9,*/*;q=0.8"
192.168.0.114,1752587679.9201512,GET,/admin/logs/errors,"Mozilla/5.0 (Macintosh; Intel Mac OS X 13_5) AppleWebKit/605.1.15 (KHTML, like Gecko) Version/16.0 Safari/605.1.15",https://www.facebook.com/share.php?u=https://example.com,theme=dark; language=ko-KR,text/html
192.168.0.34,1752587681.0339549,POST,/review/product/1/page/2,"Mozilla/5.0 (Linux; Android 11; SM-G991B) AppleWebKit/537.36 (KHTML, like Gecko) Chrome/119.0.6045.134 Mobile Safari/537.36",https://example.com/product/1,auth_token=eyJhbGciOiJIUzI1NiIs...; exp=1720000000,application/xml
192.168.0.149,1752587681.9466453,POST,/product/1,Mozilla/5.0 (X11; Ubuntu; Linux x86_64; rv:118.0) Gecko/20100101 Firefox/118.0,https://ad.example.com/?utm_source=naver,ga=GA1.2.123456789.1700000000; _gid=GA1.2.987654321.1700000001,application/xhtml+xml
192.168.0.68,1752587682.6746855,GET,/cart,Mozilla/5.0 (X11; Ubuntu; Linux x86_64; rv:118.0) Gecko/20100101 Firefox/118.0,https://shopping.example.com/deals,ga=GA1.2.123456789.1700000000; _gid=GA1.2.987654321.1700000001,application/json
192.168.0.59,1752587683.8358846,POST,/login,"Mozilla/5.0 (Windows NT 10.0; Win64; x64) AppleWebKit/537.36 (KHTML, like Gecko) Chrome/122.0.0.0 Safari/537.36",https://search.naver.com/search.naver?query=fastapi,ga=GA1.2.123456789.1700000000; _gid=GA1.2.987654321.1700000001,application/xhtml+xml
192.168.0.30,1752587685.2758505,GET,/category/fashion,Mozilla/5.0 (X11; Ubuntu; Linux x86_64; rv:118.0) Gecko/20100101 Firefox/118.0,https://blog.tistory.com/entry/fastapi-intro,ga=GA1.2.123456789.1700000000; _gid=GA1.2.987654321.1700000001,application/xhtml+xml
192.168.0.21,1752587687.2825985,GET,/mypage/orders/42,"Mozilla/5.0 (Linux; Android 11; SM-G991B) AppleWebKit/537.36 (KHTML, like Gecko) Chrome/119.0.6045.134 Mobile Safari/537.36",https://news.ycombinator.com/item?id=123456,ref=affiliate123; campaign=spring_sale,text/plain
192.168.0.198,1752587687.8519764,GET,/api/ping,"Mozilla/5.0 (Macintosh; Intel Mac OS X 13_5) AppleWebKit/605.1.15 (KHTML, like Gecko) Version/16.0 Safari/605.1.15",https://example.com/product/1,theme=dark; language=ko-KR,application/xhtml+xml
192.168.0.64,1752587688.6780777,GET,/api/ping,"Mozilla/5.0 (Windows NT 10.0; Win64; x64) AppleWebKit/537.36 (KHTML, like Gecko) Chrome/118.0.5993.90 Safari/537.36 Edg/118.0.2088.76",https://t.co/shortlink,experiment=A; ab_group=3; recommendation=true,application/javascript
192.168.0.26,1752587691.1385458,POST,/contact,"Mozilla/5.0 (Windows NT 10.0; Win64; x64) AppleWebKit/537.36 (KHTML, like Gecko) Chrome/118.0.5993.90 Safari/537.36 Edg/118.0.2088.76",https://search.naver.com/search.naver?query=fastapi,experiment=A; ab_group=3; recommendation=true,"application/json, text/plain, */*"
192.168.0.105,1752587692.5839367,GET,/review/product/1/page/2,"Mozilla/5.0 (Windows NT 10.0; Win64; x64) AppleWebKit/537.36 (KHTML, like Gecko) Chrome/122.0.0.0 Safari/537.36",https://ad.example.com/?utm_source=naver,"cart=1,2,3; viewed=5,7,10",*/*
192.168.0.3,1752587693.0255857,GET,/event/summer-sale,"Mozilla/5.0 (Windows NT 10.0; Win64; x64) AppleWebKit/537.36 (KHTML, like Gecko) Chrome/122.0.0.0 Safari/537.36",https://partner.site.com/ref?id=xyz,auth_token=eyJhbGciOiJIUzI1NiIs...; exp=1720000000,application/xml
192.168.0.7,1752587694.9469757,GET,/admin/settings,"Mozilla/5.0 (Macintosh; Intel Mac OS X 13_5) AppleWebKit/605.1.15 (KHTML, like Gecko) Version/16.0 Safari/605.1.15",https://search.naver.com/search.naver?query=fastapi,auth_token=eyJhbGciOiJIUzI1NiIs...; exp=1720000000,text/html
192.168.0.103,1752587697.054369,GET,/admin,"Mozilla/5.0 (iPhone; CPU iPhone OS 16_2 like Mac OS X) AppleWebKit/605.1.15 (KHTML, like Gecko) Mobile/15E148 Safari",https://partner.site.com/ref?id=xyz,ga=GA1.2.123456789.1700000000; _gid=GA1.2.987654321.1700000001,application/javascript
192.168.0.166,1752587697.9928389,POST,/api/v1/product/10/review,"Mozilla/5.0 (iPhone; CPU iPhone OS 16_2 like Mac OS X) AppleWebKit/605.1.15 (KHTML, like Gecko) Mobile/15E148 Safari",https://shopping.example.com/deals,experiment=A; ab_group=3; recommendation=true,"text/html;q=0.8,application/json;q=0.2"
192.168.0.6,1752587699.8581588,GET,/terms,"Mozilla/5.0 (Windows NT 10.0; Win64; x64) AppleWebKit/537.36 (KHTML, like Gecko) Chrome/122.0.0.0 Safari/537.36",https://example.com/product/1,experiment=A; ab_group=3; recommendation=true,"text/html,application/xhtml+xml,application/xml;q=0.9,*/*;q=0.8"
192.168.0.164,1752587700.7153027,POST,/logout,"Mozilla/5.0 (Macintosh; Intel Mac OS X 13_5) AppleWebKit/605.1.15 (KHTML, like Gecko) Version/16.0 Safari/605.1.15",https://blog.tistory.com/entry/fastapi-intro,"cart=1,2,3; viewed=5,7,10",text/plain
192.168.0.12,1752587702.7689626,POST,/api/ping,"Mozilla/5.0 (iPhone; CPU iPhone OS 16_2 like Mac OS X) AppleWebKit/605.1.15 (KHTML, like Gecko) Mobile/15E148 Safari",https://ad.example.com/?utm_source=naver,theme=dark; language=ko-KR,application/xhtml+xml
192.168.0.142,1752587703.1722424,POST,/user/profile,"Mozilla/5.0 (Linux; Android 11; SM-G991B) AppleWebKit/537.36 (KHTML, like Gecko) Chrome/119.0.6045.134 Mobile Safari/537.36",https://shopping.example.com/deals,auth_token=eyJhbGciOiJIUzI1NiIs...; exp=1720000000,application/json
192.168.0.166,1752587704.9921796,POST,/api/v1/user,"Mozilla/5.0 (Macintosh; Intel Mac OS X 13_5) AppleWebKit/605.1.15 (KHTML, like Gecko) Version/16.0 Safari/605.1.15",https://www.google.com/search?q=fastapi,auth_token=eyJhbGciOiJIUzI1NiIs...; exp=1720000000,"text/html,application/xhtml+xml,application/xml;q=0.9,*/*;q=0.8"
192.168.0.193,1752587706.8115742,POST,/mypage,"Mozilla/5.0 (Windows NT 10.0; Win64; x64) AppleWebKit/537.36 (KHTML, like Gecko) Chrome/118.0.5993.90 Safari/537.36 Edg/118.0.2088.76",https://partner.site.com/ref?id=xyz,auth_token=eyJhbGciOiJIUzI1NiIs...; exp=1720000000,*/*
192.168.0.106,1752587707.3421881,GET,/recommend/user/42,"Mozilla/5.0 (Macintosh; Intel Mac OS X 13_5) AppleWebKit/605.1.15 (KHTML, like Gecko) Version/16.0 Safari/605.1.15",https://search.naver.com/search.naver?query=fastapi,theme=dark; language=ko-KR,application/xhtml+xml
192.168.0.125,1752587708.6467323,POST,/admin/users,"Mozilla/5.0 (iPhone; CPU iPhone OS 16_2 like Mac OS X) AppleWebKit/605.1.15 (KHTML, like Gecko) Mobile/15E148 Safari",https://shopping.example.com/deals,auth_token=eyJhbGciOiJIUzI1NiIs...; exp=1720000000,"application/json, text/plain, */*"
192.168.0.97,1752587709.3948765,POST,/api/v1/user,"Mozilla/5.0 (Macintosh; Intel Mac OS X 13_5) AppleWebKit/605.1.15 (KHTML, like Gecko) Version/16.0 Safari/605.1.15",https://search.naver.com/search.naver?query=fastapi,ga=GA1.2.123456789.1700000000; _gid=GA1.2.987654321.1700000001,application/json
192.168.0.171,1752587711.1409674,POST,/event/summer-sale,"Mozilla/5.0 (Macintosh; Intel Mac OS X 13_5) AppleWebKit/605.1.15 (KHTML, like Gecko) Version/16.0 Safari/605.1.15",https://www.google.com/search?q=fastapi,"cart=1,2,3; viewed=5,7,10","application/json;q=0.9,*/*;q=0.8"
192.168.0.119,1752587713.3855994,POST,/user/profile,"Mozilla/5.0 (iPhone; CPU iPhone OS 16_2 like Mac OS X) AppleWebKit/605.1.15 (KHTML, like Gecko) Mobile/15E148 Safari",https://shopping.example.com/deals,auth_token=eyJhbGciOiJIUzI1NiIs...; exp=1720000000,application/javascript
192.168.0.70,1752587715.790198,GET,/privacy,"Mozilla/5.0 (Windows NT 10.0; Win64; x64) AppleWebKit/537.36 (KHTML, like Gecko) Chrome/122.0.0.0 Safari/537.36",https://news.ycombinator.com/item?id=123456,"cart=1,2,3; viewed=5,7,10","text/html,application/xhtml+xml,application/xml;q=0.9,*/*;q=0.8"
192.168.0.161,1752587716.5552106,GET,/admin/logs/errors,"Mozilla/5.0 (Macintosh; Intel Mac OS X 13_5) AppleWebKit/605.1.15 (KHTML, like Gecko) Version/16.0 Safari/605.1.15",https://partner.site.com/ref?id=xyz,experiment=A; ab_group=3; recommendation=true,application/xml
192.168.0.137,1752587717.213161,POST,/admin/settings,"Mozilla/5.0 (Linux; Android 11; SM-G991B) AppleWebKit/537.36 (KHTML, like Gecko) Chrome/119.0.6045.134 Mobile Safari/537.36",https://www.google.com/search?q=fastapi,auth_token=eyJhbGciOiJIUzI1NiIs...; exp=1720000000,application/xml
192.168.0.105,1752587719.2462435,GET,/event/summer-sale,"Mozilla/5.0 (Linux; Android 11; SM-G991B) AppleWebKit/537.36 (KHTML, like Gecko) Chrome/119.0.6045.134 Mobile Safari/537.36",https://www.google.com/search?q=fastapi,uid=42; token=xyz123; cart=3,application/json
192.168.0.176,1752587720.317707,POST,/api/v1/user/42,"Mozilla/5.0 (Macintosh; Intel Mac OS X 13_5) AppleWebKit/605.1.15 (KHTML, like Gecko) Version/16.0 Safari/605.1.15",https://ad.example.com/?utm_source=naver,auth_token=eyJhbGciOiJIUzI1NiIs...; exp=1720000000,"application/json;q=0.9,*/*;q=0.8"
192.168.0.25,1752587721.8904676,POST,/admin/settings,"Mozilla/5.0 (iPhone; CPU iPhone OS 16_2 like Mac OS X) AppleWebKit/605.1.15 (KHTML, like Gecko) Mobile/15E148 Safari",https://t.co/shortlink,sessionid=abc123; logged_in=true,application/xhtml+xml
192.168.0.118,1752587723.986084,POST,/recommend/products,"Mozilla/5.0 (Macintosh; Intel Mac OS X 13_5) AppleWebKit/605.1.15 (KHTML, like Gecko) Version/16.0 Safari/605.1.15",https://blog.tistory.com/entry/fastapi-intro,experiment=A; ab_group=3; recommendation=true,"text/html;q=0.8,application/json;q=0.2"
192.168.0.29,1752587725.1024404,GET,/cart,"Mozilla/5.0 (Linux; Android 11; SM-G991B) AppleWebKit/537.36 (KHTML, like Gecko) Chrome/119.0.6045.134 Mobile Safari/537.36",https://search.naver.com/search.naver?query=fastapi,ref=affiliate123; campaign=spring_sale,application/json
192.168.0.86,1752587727.0693848,POST,/privacy,"Mozilla/5.0 (Linux; Android 11; SM-G991B) AppleWebKit/537.36 (KHTML, like Gecko) Chrome/119.0.6045.134 Mobile Safari/537.36",https://ad.example.com/?utm_source=naver,uid=42; token=xyz123; cart=3,application/xml
192.168.0.161,1752587729.1665359,POST,/recommend/user/42,"Mozilla/5.0 (iPhone; CPU iPhone OS 16_2 like Mac OS X) AppleWebKit/605.1.15 (KHTML, like Gecko) Mobile/15E148 Safari",https://partner.site.com/ref?id=xyz,uid=42; token=xyz123; cart=3,application/xml
192.168.0.149,1752587731.0188897,GET,/admin/logs/errors,"Mozilla/5.0 (Macintosh; Intel Mac OS X 13_5) AppleWebKit/605.1.15 (KHTML, like Gecko) Version/16.0 Safari/605.1.15",https://news.ycombinator.com/item?id=123456,"cart=1,2,3; viewed=5,7,10",application/xhtml+xml
192.168.0.106,1752587731.4949577,POST,/checkout/complete,"Mozilla/5.0 (iPhone; CPU iPhone OS 16_2 like Mac OS X) AppleWebKit/605.1.15 (KHTML, like Gecko) Mobile/15E148 Safari",https://www.google.com/search?q=fastapi,ga=GA1.2.123456789.1700000000; _gid=GA1.2.987654321.1700000001,text/html
192.168.0.200,1752587733.3248851,GET,/api/ping,"Mozilla/5.0 (Windows NT 10.0; Win64; x64) AppleWebKit/537.36 (KHTML, like Gecko) Chrome/118.0.5993.90 Safari/537.36 Edg/118.0.2088.76",https://example.com/product/1,ga=GA1.2.123456789.1700000000; _gid=GA1.2.987654321.1700000001,application/xml
192.168.0.104,1752587734.1202729,POST,/about,"Mozilla/5.0 (Windows NT 10.0; Win64; x64) AppleWebKit/537.36 (KHTML, like Gecko) Chrome/118.0.5993.90 Safari/537.36 Edg/118.0.2088.76",https://blog.tistory.com/entry/fastapi-intro,experiment=A; ab_group=3; recommendation=true,application/json
192.168.0.131,1752587736.0972643,GET,/search?q=shoes,"Mozilla/5.0 (Windows NT 10.0; Win64; x64) AppleWebKit/537.36 (KHTML, like Gecko) Chrome/122.0.0.0 Safari/537.36",https://partner.site.com/ref?id=xyz,sessionid=abc123; logged_in=true,"text/html;q=0.8,application/json;q=0.2"
192.168.0.81,1752587738.2831264,GET,/mypage/orders,"Mozilla/5.0 (Windows NT 10.0; Win64; x64) AppleWebKit/537.36 (KHTML, like Gecko) Chrome/118.0.5993.90 Safari/537.36 Edg/118.0.2088.76",https://shopping.example.com/deals,ga=GA1.2.123456789.1700000000; _gid=GA1.2.987654321.1700000001,"application/json, text/plain, */*"
192.168.0.97,1752587739.3433425,POST,/recommend/user/42,Mozilla/5.0 (X11; Ubuntu; Linux x86_64; rv:118.0) Gecko/20100101 Firefox/118.0,https://t.co/shortlink,theme=dark; language=ko-KR,application/javascript
192.168.0.109,1752587741.564936,GET,/api/v1/order/88/confirm,"Mozilla/5.0 (iPhone; CPU iPhone OS 16_2 like Mac OS X) AppleWebKit/605.1.15 (KHTML, like Gecko) Mobile/15E148 Safari",https://ad.example.com/?utm_source=naver,sessionid=abc123; logged_in=true,application/xhtml+xml
192.168.0.12,1752587741.900246,GET,/user/profile,"Mozilla/5.0 (iPhone; CPU iPhone OS 16_2 like Mac OS X) AppleWebKit/605.1.15 (KHTML, like Gecko) Mobile/15E148 Safari",https://www.google.com/search?q=fastapi,theme=dark; language=ko-KR,*/*
192.168.0.62,1752587744.1879575,POST,/category/electronics,"Mozilla/5.0 (iPhone; CPU iPhone OS 16_2 like Mac OS X) AppleWebKit/605.1.15 (KHTML, like Gecko) Mobile/15E148 Safari",https://www.google.com/search?q=fastapi,theme=dark; language=ko-KR,text/plain
192.168.0.155,1752587744.5551243,POST,/api/v1/cart/items/remove,"Mozilla/5.0 (Macintosh; Intel Mac OS X 13_5) AppleWebKit/605.1.15 (KHTML, like Gecko) Version/16.0 Safari/605.1.15",https://search.naver.com/search.naver?query=fastapi,experiment=A; ab_group=3; recommendation=true,"text/html;q=0.8,application/json;q=0.2"
192.168.0.183,1752587745.7720776,GET,/admin/users/123,Mozilla/5.0 (X11; Ubuntu; Linux x86_64; rv:118.0) Gecko/20100101 Firefox/118.0,https://search.naver.com/search.naver?query=fastapi,ga=GA1.2.123456789.1700000000; _gid=GA1.2.987654321.1700000001,"application/json, text/plain, */*"
192.168.0.92,1752587746.4517126,GET,/privacy,"Mozilla/5.0 (Macintosh; Intel Mac OS X 13_5) AppleWebKit/605.1.15 (KHTML, like Gecko) Version/16.0 Safari/605.1.15",https://news.ycombinator.com/item?id=123456,theme=dark; language=ko-KR,"text/html,application/xhtml+xml,application/xml;q=0.9,*/*;q=0.8"
192.168.0.183,1752587746.8367107,GET,/mypage/orders,"Mozilla/5.0 (Linux; Android 11; SM-G991B) AppleWebKit/537.36 (KHTML, like Gecko) Chrome/119.0.6045.134 Mobile Safari/537.36",https://example.com/product/1,sessionid=abc123; logged_in=true,text/html
192.168.0.141,1752587749.2816615,GET,/help,"Mozilla/5.0 (Windows NT 10.0; Win64; x64) AppleWebKit/537.36 (KHTML, like Gecko) Chrome/118.0.5993.90 Safari/537.36 Edg/118.0.2088.76",https://www.google.com/search?q=fastapi,uid=42; token=xyz123; cart=3,application/javascript
192.168.0.45,1752587750.551581,GET,/api/v1/user/42/profile,"Mozilla/5.0 (Windows NT 10.0; Win64; x64) AppleWebKit/537.36 (KHTML, like Gecko) Chrome/122.0.0.0 Safari/537.36",https://partner.site.com/ref?id=xyz,"cart=1,2,3; viewed=5,7,10",application/xml
